lng,lat
-0.198465,51.505538
-0.193610,51.500788
-0.216407,51.518402
-0.166882,51.488233
-0.163102,51.499864
-0.163793,51.496997
-0.172881,51.482302
-0.185591,51.485017
-0.165997,51.492356
-0.227035,51.519372
-0.157984,51.494568
-0.210203,51.511203
-0.203266,51.508040
-0.180503,51.486197
-0.190458,51.489409
-0.178436,51.480230
-0.193610,51.500788
-0.168203,51.487624
-0.167653,51.483389
-0.202664,51.497689
-0.170837,51.486586
-0.157341,51.492670
-0.209282,51.516315
-0.172792,51.495339
-0.188218,51.502323
-0.160171,51.501077
-0.170697,51.490091
-0.175087,51.484764
-0.198863,51.491786
-0.157211,51.492308
-0.196093,51.499927
-0.174936,51.484941
-0.204561,51.497089
-0.196015,51.509188
-0.215564,51.517850
-0.172057,51.492091
-0.173594,51.493284
-0.175821,51.484416
-0.185640,51.480162
-0.159196,51.500252
-0.218297,51.517981
-0.200555,51.492711
-0.205170,51.507260
-0.161759,51.501012
-0.212538,51.521490
-0.205872,51.507720
-0.207044,51.496228
-0.184211,51.501632
-0.187403,51.490171
-0.193466,51.500785
-0.191006,51.490136
-0.203814,51.508768
-0.167415,51.489320
-0.194419,51.505836
-0.185519,51.483217
-0.150541,51.486268
-0.195616,51.490117
-0.176955,51.488480
-0.204439,51.507518
-0.159261,51.484337
-0.179750,51.497876
-0.205290,51.522549
-0.163370,51.489617
-0.157521,51.491773
-0.158496,51.492598
-0.213881,51.524029
-0.209149,51.516043
-0.212459,51.501436
-0.190314,51.489406
-0.166425,51.492452
-0.185314,51.484743
-0.163752,51.483688
-0.198724,51.498978
-0.185780,51.480254
-0.160578,51.501713
-0.214478,51.505064
-0.174191,51.481962
-0.155880,51.489589
-0.198724,51.498978
-0.163836,51.499516
-0.180503,51.486197
-0.179750,51.497876
-0.186209,51.502112
-0.199742,51.498724
-0.219826,51.523130
-0.220215,51.516841
-0.171420,51.486415
-0.174788,51.485029
-0.170834,51.486676
-0.182492,51.494141
-0.157654,51.492045
-0.183978,51.492995
-0.221027,51.514515
-0.168401,51.497069
-0.206189,51.507006
-0.187321,51.492238
-0.182492,51.494141
-0.209104,51.506151
-0.186925,51.502213
-0.200656,51.508450
-0.209693,51.516861
-0.192506,51.488631
-0.217710,51.514555
-0.189847,51.490298
-0.196163,51.509100
-0.192264,51.494742
-0.182621,51.494503
-0.185780,51.480254
-0.182420,51.481461
-0.221301,51.514879
-0.215202,51.504985
-0.206461,51.496399
-0.192506,51.488631
-0.173173,51.485813
-0.199065,51.508605
-0.170834,51.486676
-0.166482,51.498208
-0.200271,51.492617
-0.181130,51.488545
-0.190968,51.502006
-0.192506,51.488631
-0.211730,51.520039
-0.193878,51.504928
-0.202090,51.493994
-0.221874,51.522352
-0.198871,51.498890
-0.215514,51.508047
-0.177628,51.486062
-0.096502,51.514539
-0.081489,51.511687
-0.086859,51.510785
-0.104734,51.514133
-0.079769,51.518313
-0.083120,51.517468
-0.105309,51.517649
-0.107913,51.517421
-0.080723,51.509336
-0.085230,51.511838
-0.093646,51.517370
-0.084612,51.512817
-0.098713,51.516823
-0.106393,51.512361
-0.086791,51.512403
-0.078411,51.509478
-0.082296,51.509631
-0.079359,51.510932
-0.083828,51.514333
-0.103524,51.512045
-0.091198,51.510406
-0.090434,51.514890
-0.100631,51.515775
-0.101912,51.516155
-0.089037,51.517295
-0.086480,51.509520
-0.080428,51.509511
-0.074315,51.514357
-0.104878,51.514135
-0.103190,51.516626
-0.086887,51.516990
-0.089058,51.513339
-0.092859,51.512052
-0.113789,51.518235
-0.074792,51.509868
-0.096790,51.514544
-0.075376,51.509698
-0.104104,51.511964
-0.096934,51.514546
-0.103049,51.516534
-0.085855,51.510679
-0.093196,51.510888
-0.081266,51.516989
-0.087955,51.512152
-0.085692,51.511126
-0.107899,51.514274
-0.087743,51.513767
-0.094501,51.514147
-0.104158,51.514123
-0.088340,51.506403
-0.078954,51.520548
-0.098030,51.522837
-0.101865,51.513817
-0.107754,51.517779
-0.103137,51.510960
-0.095713,51.512728
-0.099579,51.513330
-0.133381,51.514952
-0.162862,51.512989
-0.174843,51.523338
-0.174288,51.522790
-0.139741,51.493291
-0.164325,51.501682
-0.131036,51.512397
-0.179476,51.515586
-0.157739,51.522081
-0.146939,51.521821
-0.178824,51.513868
-0.169801,51.519662
-0.126892,51.501000
-0.161510,51.521511
-0.186026,51.513979
-0.152868,51.517778
-0.194631,51.525982
-0.158383,51.513279
-0.156138,51.518909
-0.201584,51.517816
-0.144596,51.519176
-0.156137,51.497507
-0.115160,51.512952
-0.176149,51.512298
-0.122635,51.509924
-0.142012,51.515359
-0.164004,51.534769
-0.134031,51.513164
-0.153736,51.517702
-0.199360,51.519400
-0.136759,51.509880
-0.152201,51.502211
-0.157820,51.502209
-0.203177,51.524944
-0.176713,51.530651
-0.174363,51.520902
-0.128005,51.487889
-0.148387,51.521664
-0.184916,51.523764
-0.128466,51.511816
-0.165870,51.499098
-0.165804,51.515104
-0.141561,51.494579
-0.169505,51.519838
-0.170780,51.520397
-0.165291,51.527865
-0.150956,51.518737
-0.150705,51.514237
-0.126955,51.509993
-0.125127,51.494857
-0.126885,51.511701
-0.129506,51.507516
-0.156097,51.509196
-0.134148,51.506781
-0.141378,51.516787
-0.124839,51.508881
-0.152852,51.503930
-0.133237,51.511443
-0.144596,51.519176
-0.153169,51.513916
-0.129673,51.513994
-0.147325,51.519399
-0.188414,51.515545
-0.144633,51.511174
-0.173900,51.532496
-0.135849,51.489812
-0.169335,51.538449
-0.138513,51.488056
-0.144475,51.497323
-0.151562,51.514431
-0.155331,51.517457
-0.126201,51.500270
-0.174988,51.501668
-0.165569,51.524542
-0.195209,51.515020
-0.125839,51.498555
-0.204871,51.525870
-0.159247,51.513292
-0.149883,51.502534
-0.158707,51.512385
-0.136896,51.485332
-0.124012,51.500954
-0.153100,51.515624
-0.168159,51.513882
-0.115098,51.510973
-0.198383,51.529547
-0.127354,51.507302
-0.159652,51.521122
-0.127645,51.507217
-0.180245,51.525220
-0.123927,51.503021
-0.118683,51.514897
-0.164890,51.534243
-0.172192,51.517541
-0.149590,51.495515
-0.154288,51.514743
-0.113121,51.513459
-0.192473,51.533143
-0.143356,51.521315
-0.141635,51.514004
-0.165049,51.501603
-0.120729,51.510703
-0.160401,51.534713
-0.127039,51.493898
-0.128570,51.488167
-0.145907,51.497525
-0.132811,51.490123
-0.152650,51.494664
-0.133982,51.510825
-0.132980,51.485990
-0.157241,51.502290
-0.127933,51.507221
-0.145792,51.525220
-0.125426,51.494592
-0.128373,51.507049
-0.165644,51.522655
-0.142831,51.520048
-0.176723,51.501515
-0.136176,51.485321
-0.137954,51.505313
-0.165731,51.516901
-0.134588,51.510115
-0.134865,51.496271
-0.130872,51.505829
-0.152250,51.504550
-0.170413,51.533161
-0.168656,51.512271
-0.164050,51.515706
-0.197836,51.525132
-0.134448,51.510023
-0.123303,51.507687
-0.170359,51.502136
-0.156227,51.520259
-0.149944,51.518811
-0.139433,51.511451
-0.129218,51.507512
-0.135776,51.491609
-0.152801,51.522993
-0.146328,51.504906
-0.151415,51.496713
-0.143754,51.511520
-0.159902,51.514921
-0.142016,51.515269
-0.127354,51.507302
-0.136896,51.485332
-0.207158,51.526354
-0.123037,51.507143
-0.121172,51.510441
-0.119965,51.511770
-0.131475,51.512224
-0.172595,51.521864
-0.139701,51.515502
-0.194752,51.522927
-0.144508,51.489410
-0.191812,51.520723
-0.134574,51.485745
-0.122775,51.506509
-0.132502,51.511791
-0.180042,51.501387
-0.125197,51.493149
-0.151112,51.507769
-0.132257,51.507200
-0.147766,51.494317
-0.149123,51.485706
-0.125418,51.494772
-0.142547,51.512849
-0.153892,51.513838
-0.154820,51.537233
-0.190825,51.520168
-0.172477,51.528427
-0.158988,51.512569
-0.126977,51.509454
-0.149675,51.500552
-0.163811,51.500145
-0.152650,51.494664
-0.127553,51.509463
-0.164187,51.515888
-0.119089,51.512026
-0.132058,51.508546
-0.162786,51.514877
-0.157988,51.523074
-0.159135,51.512481
-0.127490,51.507484
-0.141912,51.496563
-0.118610,51.509680
-0.188999,51.518971
-0.129794,51.507521
-0.141322,51.507524
-0.141690,51.494941
-0.163673,51.528649
-0.158979,51.519943
-0.140980,51.508868
-0.131231,51.507634
-0.145681,51.495993
-0.158242,51.513187
-0.134337,51.509212
-0.187528,51.516071
-0.132401,51.507203
-0.187535,51.515891
-0.173805,51.524041
-0.157253,51.498423
-0.124012,51.500954
-0.130456,51.487838
-0.142406,51.502146
-0.164819,51.500161
-0.163109,51.521176
-0.139884,51.521620
-0.133851,51.485824
-0.136940,51.508983
-0.152892,51.502941
-0.118982,51.514632
-0.174987,51.523340
-0.208592,51.526556
-0.144932,51.496701
-0.124008,51.501044
-0.174621,51.500044
-0.128617,51.511639
-0.124119,51.501855
-0.125762,51.496935
-0.136144,51.503755
-0.132642,51.511883
-0.128900,51.501212
-0.176723,51.501515
-0.159771,51.521754
-0.154828,51.526352
-0.151112,51.507769
-0.159229,51.513742
-0.161573,51.512789
-0.138656,51.505773
-0.157177,51.511012
-0.172674,51.519887
-0.150141,51.503257
-0.119119,51.511307
-0.156501,51.509922
-0.142492,51.496482
-0.125134,51.494677
-0.173006,51.533201
-0.193421,51.512835
-0.151616,51.505978
-0.161382,51.513955
-0.127047,51.507747
-0.153152,51.500068
-0.193617,51.515176
-0.158677,51.502403
-0.151877,51.503105
-0.155400,51.537152
-0.142896,51.507819
-0.160820,51.513587
-0.129703,51.488635
-0.192025,51.515331
-0.180095,51.510920
-0.168431,51.532230
-0.182865,51.517348
-0.156665,51.502281
-0.191390,51.520447
-0.171007,51.529123
-0.175264,51.520017
-0.176734,51.526515
-0.182679,51.536499
-0.132693,51.507117
-0.156871,51.522158
-0.151461,51.516947
-0.165900,51.519871
-0.149815,51.500644
-0.141772,51.514186
-0.139703,51.511905
-0.124130,51.501585
-0.197944,51.518749
-0.146942,51.514627
-0.161716,51.516389
-0.180999,51.528020
-0.183449,51.517177
-0.161864,51.516301
-0.203462,51.525039
-0.165079,51.518779
-0.174843,51.523338
-0.128154,51.494815
-0.163173,51.501664
-0.147378,51.493232
-0.119263,51.511309
-0.173003,51.533291
-0.124618,51.510765
-0.153385,51.522822
-0.153036,51.502943
-0.143555,51.519969
-0.156639,51.517208
-0.146798,51.514625
-0.187909,51.513739
-0.176674,51.513565
-0.128466,51.511816
-0.148836,51.499910
-0.154977,51.522667
-0.178915,51.518815
-0.197544,51.525218
-0.127047,51.507747
-0.163311,51.519741
-0.154953,51.508998
-0.162127,51.516935
-0.185329,51.531504
-0.178811,51.499749
-0.139887,51.489696
-0.175288,51.515791
-0.180535,51.517941
-0.189653,51.535168
-0.131291,51.513210
-0.216035,51.527928
-0.140424,51.515423
-0.140991,51.519209
-0.158844,51.512567
-0.172883,51.521869
-0.190363,51.510000
-0.127002,51.494797
-0.171342,51.520766
-0.129411,51.488720
-0.162834,51.528006
-0.152589,51.513997
-0.216038,51.527838
-0.143621,51.546678
-0.138792,51.527178
-0.115944,51.528881
-0.153398,51.543865
-0.121113,51.518893
-0.183418,51.550538
-0.138643,51.534369
-0.141479,51.539090
-0.132680,51.535623
-0.110464,51.521959
-0.142646,51.538749
-0.129806,51.514265
-0.146218,51.528914
-0.194347,51.547739
-0.158738,51.543769
-0.129398,51.527748
-0.207083,51.550273
-0.115948,51.528791
-0.134132,51.535377
-0.147646,51.539907
-0.136223,51.533612
-0.131001,51.527324
-0.190552,51.556134
-0.191909,51.536461
-0.137405,51.532911
-0.138714,51.536169
-0.191204,51.554255
-0.141748,51.546648
-0.122508,51.530515
-0.171818,51.552067
-0.134549,51.518118
-0.127932,51.528354
-0.126901,51.528877
-0.164813,51.543325
-0.193745,51.555643
-0.168345,51.537984
-0.126723,51.515655
-0.108474,51.517790
-0.127037,51.515031
-0.123846,51.526040
-0.126576,51.529771
-0.180166,51.541675
-0.194137,51.538474
-0.138304,51.525012
-0.105921,51.520267
-0.126317,51.529047
-0.133783,51.526289
-0.137655,51.540918
-0.130442,51.516344
-0.144315,51.543811
-0.196790,51.555241
-0.124263,51.529914
-0.196685,51.554250
-0.145563,51.541493
-0.133417,51.545797
-0.198462,51.542138
-0.193859,51.538200
-0.138714,51.536169
-0.136243,51.526058
-0.145984,51.541770
-0.171865,51.540107
-0.132507,51.518715
-0.193605,51.555551
-0.144299,51.540664
-0.190789,51.553799
-0.189569,51.540922
-0.176020,51.551592
-0.145566,51.555611
-0.174891,51.543752
-0.141893,51.539547
-0.117885,51.516773
-0.155196,51.545781
-0.123440,51.525404
-0.134646,51.522796
-0.193605,51.555551
-0.133552,51.535458
-0.116249,51.518005
-0.178705,51.556580
-0.145422,51.541401
-0.179456,51.541394
-0.145844,51.527469
-0.110320,51.521956
-0.127774,51.546246
-0.123011,51.518293
-0.138293,51.525281
-0.118217,51.519206
-0.191229,51.546343
-0.120499,51.526796
-0.130845,51.517070
-0.137581,51.542716
-0.170611,51.539009
-0.202367,51.545525
-0.175973,51.549164
-0.137437,51.542713
-0.141065,51.538634
-0.122228,51.519810
-0.197063,51.559291
-0.119532,51.518777
-0.128361,51.535465
-0.122641,51.530787
-0.191273,51.548861
-0.177714,51.556115
-0.129282,51.516505
-0.127336,51.514766
-0.110172,51.522044
-0.113511,51.521468
-0.124485,51.517508
-0.162745,51.544551
-0.119632,51.516351
-0.141726,51.547188
-0.139212,51.534558
-0.127769,51.528801
-0.121404,51.518807
-0.124415,51.529736
-0.108935,51.520585
-0.109533,51.520055
-0.142438,51.536768
-0.141404,51.547992
-0.157956,51.545285
-0.134607,51.544916
-0.145855,51.527200
-0.126287,51.515738
-0.129845,51.523888
-0.147685,51.542516
-0.144490,51.546602
-0.138467,51.538683
-0.113219,51.521554
-0.180022,51.541673
-0.130594,51.547820
-0.150662,51.554433
-0.130298,51.516342
-0.121552,51.515213
-0.164924,51.547733
-0.127934,51.514236
-0.135446,51.527934
-0.121404,51.518807
-0.127068,51.545875
-0.145792,51.525220
-0.140566,51.540245
-0.135577,51.535310
-0.138737,51.528526
-0.129112,51.548786
-0.139241,51.533839
-0.191197,51.547151
-0.134808,51.550585
-0.119612,51.530829
-0.124629,51.517510
-0.117552,51.517846
-0.131149,51.527236
-0.139223,51.534289
-0.194944,51.539925
-0.145848,51.527379
-0.194592,51.556106
-0.140119,51.540598
-0.162560,51.549134
-0.143958,51.538410
-0.122641,51.530787
-0.115014,51.523471
-0.133421,51.545707
-0.166309,51.541999
-0.129830,51.527755
-0.182294,51.549801
-0.161140,51.552170
-0.130982,51.520759
-0.127096,51.517100
-0.124248,51.523259
-0.169176,51.553194
-0.178561,51.556578
-0.162785,51.543563
-0.193749,51.555554
-0.159465,51.547197
-0.135436,51.535218
-0.208700,51.553175
-0.150864,51.545893
-0.121080,51.516194
-0.114187,51.522558
-0.142451,51.540005
-0.118464,51.520199
-0.168204,51.537892
-0.139204,51.555960
-0.166754,51.556034
-0.170304,51.539454
-0.134912,51.537457
-0.129834,51.527665
-0.166084,51.551168
-0.086339,51.550704
-0.104654,51.564669
-0.088479,51.527178
-0.107934,51.562115
-0.090116,51.536287
-0.126030,51.543071
-0.102259,51.563282
-0.111465,51.532586
-0.116002,51.555410
-0.090301,51.555984
-0.123398,51.568478
-0.116633,51.536626
-0.133920,51.565228
-0.098217,51.539116
-0.087488,51.523295
-0.109428,51.550448
-0.089946,51.540331
-0.100893,51.537181
-0.102757,51.540899
-0.112878,51.557698
-0.090393,51.536561
-0.116985,51.556055
-0.098576,51.558186
-0.089468,51.527644
-0.117894,51.554991
-0.094380,51.541212
-0.108528,51.523456
-0.115225,51.560254
-0.091648,51.537571
-0.098541,51.534805
-0.132397,51.567183
-0.116002,51.555410
-0.118256,51.556705
-0.103390,51.563840
-0.103027,51.541353
-0.115084,51.560161
-0.102965,51.563653
-0.116622,51.536896
-0.138590,51.567461
-0.108833,51.526519
-0.140730,51.564527
-0.103542,51.546307
-0.113480,51.543140
-0.087097,51.549817
-0.114577,51.527061
-0.107504,51.544662
-0.115725,51.555136
-0.130776,51.550431
-0.087716,51.524738
-0.107894,51.549165
-0.111711,51.540593
-0.088391,51.549928
-0.111845,51.561728
-0.083800,51.545896
-0.094373,51.541392
-0.117992,51.545640
-0.109194,51.531740
-0.105115,51.522322
-0.102567,51.545482
-0.120848,51.556837
-0.126955,51.562689
-0.097174,51.539909
-0.117133,51.555968
-0.126119,51.551436
-0.105615,51.555423
-0.136500,51.562122
-0.098229,51.556113
-0.121472,51.566199
-0.098004,51.523466
-0.120212,51.554758
-0.098129,51.530842
-0.099703,51.538061
-0.087834,51.525369
-0.103835,51.535790
-0.089639,51.527017
-0.094037,51.528707
-0.108821,51.551158
-0.134634,51.565420
-0.109369,51.527517
-0.103284,51.545583
-0.087237,51.546492
-0.121341,51.530856
-0.115861,51.555318
-0.096587,51.540169
-0.120473,51.530932
-0.100601,51.537267
-0.111225,51.559290
-0.109790,51.527793
-0.118692,51.563636
-0.114533,51.559523
-0.098440,51.523383
-0.092335,51.538391
-0.089835,51.536103
-0.109849,51.550725
-0.104749,51.531129
-0.099024,51.530137
-0.095152,51.529625
-0.106267,51.532772
-0.105646,51.533841
-0.112464,51.557242
-0.116709,51.569719
-0.104437,51.535171
-0.108977,51.526521
-0.117416,51.542124
-0.138118,51.557831
-0.102892,51.537663
-0.138447,51.556847
-0.120543,51.571220
-0.125076,51.552228
-0.111674,51.551923
-0.105932,51.519997
-0.100882,51.530527
-0.115084,51.560161
-0.102327,51.520029
-0.113099,51.531443
-0.114629,51.529310
-0.110625,51.525019
-0.094646,51.524491
-0.109531,51.541008
-0.116474,51.561443
-0.090578,51.525234
-0.097683,51.541536
-0.088482,51.527088
-0.115084,51.560161
-0.119080,51.533248
-0.132785,51.564761
-0.092136,51.543154
-0.117416,51.542124
-0.105833,51.564059
-0.098026,51.529851
-0.107375,51.544300
-0.101451,51.530716
-0.108172,51.566794
-0.110321,51.528881
-0.103831,51.535880
-0.091921,51.537935
-0.089158,51.541937
-0.093334,51.524829
-0.092609,51.542173
-0.116989,51.555965
-0.107597,51.563278
-0.095700,51.540694
-0.123446,51.553281
-0.090532,51.543578
-0.138447,51.556847
-0.101812,51.539355
-0.122379,51.533661
-0.130500,51.564185
-0.118596,51.530992
-0.098833,51.534720
-0.106256,51.533042
-0.101112,51.528462
-0.096982,51.541075
-0.111374,51.555695
-0.140793,51.562999
-0.138303,51.556845
-0.104483,51.523661
-0.088900,51.527455
-0.105097,51.564407
-0.128367,51.563431
-0.122645,51.530697
-0.122057,51.555507
-0.110162,51.553608
-0.095810,51.524240
-0.238490,51.506416
-0.232382,51.500389
-0.217523,51.504571
-0.239095,51.509393
-0.239593,51.500228
-0.229144,51.520753
-0.202569,51.485458
-0.241654,51.499090
-0.239210,51.506427
-0.219987,51.515309
-0.214187,51.494089
-0.210296,51.494119
-0.188287,51.478764
-0.203008,51.485285
-0.199038,51.472725
-0.229518,51.492523
-0.238202,51.506412
-0.234219,51.516244
-0.228724,51.516700
-0.216977,51.477945
-0.226543,51.502369
-0.238023,51.499845
-0.227941,51.518307
-0.223520,51.491173
-0.249251,51.515120
-0.240502,51.506536
-0.218203,51.483449
-0.221450,51.503641
-0.234706,51.496198
-0.220039,51.484376
-0.206968,51.490831
-0.224046,51.503590
-0.182616,51.476518
-0.203012,51.485195
-0.213787,51.482212
-0.224850,51.505131
-0.223033,51.499978
-0.223484,51.503222
-0.234750,51.509957
-0.219406,51.504329
-0.230432,51.506115
-0.228906,51.489726
-0.224692,51.505489
-0.197430,51.473329
-0.241654,51.499090
-0.220583,51.503718
-0.221240,51.486822
-0.189762,51.477887
-0.216016,51.476761
-0.221946,51.509404
-0.223021,51.489187
-0.213309,51.494435
-0.202573,51.485368
-0.220152,51.485187
-0.215904,51.501758
-0.217554,51.485327
-0.223631,51.503135
-0.192996,51.476229
-0.224692,51.505489
-0.248349,51.497302
-0.183738,51.473658
-0.223021,51.489187
-0.212242,51.488574
-0.221578,51.515153
-0.225135,51.505226
-0.195294,51.480041
-0.204608,51.488547
-0.219262,51.504327
-0.224457,51.504136
-0.221271,51.504538
-0.222520,51.498352
-0.231296,51.506128
-0.192600,51.475323
-0.198755,51.479914
-0.189762,51.477887
-0.235266,51.492879
-0.228794,51.514903
-0.222871,51.493052
-0.199267,51.481541
-0.211305,51.468326
-0.234860,51.510858
-0.227273,51.516948
-0.224001,51.493608
-0.190644,51.477451
-0.238704,51.493380
-0.244191,51.496790
-0.204981,51.471737
-0.202422,51.485546
-0.222359,51.498799
-0.193699,51.473002
-0.230156,51.490914
-0.225143,51.512420
-0.197331,51.486817
-0.234613,51.509775
-0.222583,51.493047
-0.192408,51.480176
-0.224587,51.504498
-0.200653,51.482911
-0.221882,51.503648
-0.225851,51.505326
-0.221988,51.504638
-0.226061,51.514772
-0.225006,51.512238
-0.220647,51.513161
-0.234291,51.503206
-0.193649,51.466976
-0.200089,51.478946
-0.223343,51.503130
-0.189487,51.466642
-0.223203,51.503038
-0.203671,51.472076
-0.234612,51.491161
-0.191461,51.471349
-0.234607,51.495027
-0.221240,51.486822
-0.202909,51.476831
-0.224690,51.509265
-0.217246,51.504297
-0.200653,51.482911
-0.237193,51.506397
-0.080158,51.533067
-0.063004,51.560122
-0.073229,51.563978
-0.086706,51.531645
-0.070236,51.559702
-0.053756,51.550347
-0.077284,51.532840
-0.055035,51.564307
-0.077704,51.522865
-0.082986,51.530955
-0.079686,51.523707
-0.036046,51.549603
-0.070189,51.540367
-0.090517,51.557696
-0.055488,51.543542
-0.079398,51.523702
-0.066518,51.558921
-0.059419,51.549452
-0.094259,51.568278
-0.049589,51.553336
-0.090765,51.572448
-0.073172,51.565326
-0.076454,51.542269
-0.022673,51.551986
-0.075744,51.528319
-0.068579,51.551132
-0.028177,51.548122
-0.077852,51.522778
-0.093514,51.565388
-0.034376,51.551553
-0.081257,51.561771
-0.074466,51.558603
-0.099461,51.568092
-0.063759,51.545747
-0.070189,51.540367
-0.043680,51.546493
-0.074587,51.555727
-0.073172,51.565326
-0.055288,51.558376
-0.056845,51.555704
-0.075744,51.552239
-0.066106,51.531218
-0.042814,51.543151
-0.059513,51.564201
-0.071184,51.564574
-0.074622,51.558335
-0.077988,51.522960
-0.072634,51.543915
-0.072534,51.573588
-0.075024,51.552227
-0.076234,51.544064
-0.062018,51.545988
-0.072453,51.537977
-0.069443,51.557980
-0.077303,51.546060
-0.074485,51.558153
-0.046196,51.545006
-0.080500,51.545482
-0.059707,51.549457
-0.090765,51.572448
-0.077385,51.523579
-0.068708,51.548077
-0.076306,51.542356
-0.081630,51.570050
-0.039320,51.543902
-0.068711,51.530991
-0.068488,51.549871
-0.068855,51.530993
-0.084915,51.526221
-0.055528,51.556132
-0.055528,51.556132
-0.075468,51.548547
-0.103770,51.565105
-0.078095,51.527278
-0.077389,51.523490
-0.077064,51.534635
-0.049883,51.543089
-0.055528,51.556132
-0.079512,51.562102
-0.071263,51.572938
-0.041716,51.545201
-0.103174,51.565545
-0.078822,51.523693
-0.062452,51.542578
-0.073753,51.561828
-0.077196,51.531490
-0.077992,51.522870
-0.075475,51.548368
-0.077071,51.534455
-0.077734,51.525564
-0.083633,51.546433
-0.081935,51.525093
-0.079683,51.523797
-0.057026,51.537902
-0.077740,51.549394
-0.048788,51.541722
-0.020827,51.551325
-0.074751,51.555280
-0.072519,51.573948
-0.076572,51.566820
-0.046552,51.556882
-0.063032,51.569655
-0.020562,51.550781
-0.073069,51.567752
-0.064405,51.557718
-0.070036,51.543962
-0.069834,51.558976
-0.073305,51.551929
-0.080404,51.534060
-0.059934,51.564478
-0.075888,51.528321
-0.073191,51.564876
-0.085698,51.552222
-0.048428,51.546752
-0.089891,51.555438
-0.078557,51.523149
-0.082361,51.535531
-0.068897,51.553835
-0.088900,51.527455
-0.077071,51.534455
-0.087240,51.532643
-0.069645,51.553218
-0.070008,51.531012
-0.087682,51.553063
-0.102084,51.563998
-0.054224,51.546129
-0.074493,51.557973
-0.072324,51.530780
-0.043747,51.548292
-0.049278,51.560614
-0.055442,51.544620
-0.084507,51.553102
-0.084064,51.556781
-0.063004,51.560122
-0.058819,51.563560
-0.077068,51.534545
-0.073176,51.565236
-0.051011,51.547064
-0.056926,51.560562
-0.073946,51.560662
-0.036770,51.546198
-0.075471,51.548457
-0.069263,51.572455
-0.103766,51.565195
-0.055676,51.556045
-0.076002,51.546128
-0.079080,51.562095
-0.079189,51.556072
-0.084246,51.555885
-0.083690,51.545085
-0.076598,51.542271
-0.064926,51.569237
-0.031080,51.551048
-0.060309,51.565833
-0.077033,51.535354
-0.057460,51.534492
-0.055992,51.545259
-0.084435,51.554809
-0.056643,51.540144
-0.070630,51.560608
-0.076639,51.534448
-0.102882,51.565630
-0.056040,51.557669
-0.081059,51.521931
-0.060176,51.565561
-0.066518,51.558921
-0.085491,51.526230
-0.059765,51.558270
-0.095895,51.570553
-0.020078,51.488814
-0.061906,51.514692
-0.035233,51.524949
-0.048216,51.521389
-0.060927,51.517373
-0.074538,51.519306
-0.070600,51.513576
-0.066869,51.526824
-0.029298,51.512170
-0.025192,51.527119
-0.026557,51.505559
-0.008156,51.507856
-0.042120,51.522367
-0.065938,51.514758
-0.032173,51.525707
-0.072116,51.515220
-0.030739,51.518849
-0.072632,51.513250
-0.074720,51.525244
-0.013761,51.528095
-0.064945,51.517800
-0.009897,51.517508
-0.049209,51.528510
-0.005874,51.513932
-0.057651,51.509676
0.000708,51.512831
-0.016371,51.517797
-0.032026,51.512396
-0.024128,51.501742
-0.061330,51.514682
-0.073811,51.509223
-0.041968,51.522544
-0.008862,51.518120
-0.066400,51.517464
-0.073955,51.509225
-0.041789,51.533422
-0.055220,51.522764
-0.038700,51.518083
-0.029018,51.511986
-0.007581,51.504519
-0.047979,51.516799
-0.010671,51.506370
-0.019291,51.513620
-0.059889,51.514659
-0.041217,51.533323
-0.039072,51.512784
-0.025805,51.496284
-0.014167,51.495548
-0.044677,51.513147
-0.057472,51.534222
0.000144,51.513111
-0.061730,51.518826
-0.071533,51.515390
-0.011176,51.524544
-0.029801,51.517214
-0.064478,51.522018
-0.021848,51.527782
-0.055949,51.529341
-0.056449,51.520986
-0.009647,51.506712
-0.025918,51.497006
-0.056608,51.530791
-0.046324,51.521807
-0.066515,51.514768
-0.029726,51.535648
-0.030698,51.529819
-0.050251,51.520973
-0.048189,51.528763
-0.067046,51.512439
-0.071836,51.515035
-0.020310,51.520022
-0.061827,51.526741
-0.071646,51.522946
-0.013344,51.511182
-0.048702,51.513394
-0.048702,51.513394
-0.061762,51.514689
-0.009269,51.508774
-0.068058,51.508948
-0.010667,51.523006
-0.021560,51.527777
-0.008624,51.507055
-0.065673,51.517632
-0.009749,51.517595
-0.068451,51.516688
-0.069981,51.528224
-0.068747,51.516513
-0.068275,51.531073
-0.050104,51.521061
-0.027586,51.515109
-0.011651,51.523563
-0.010550,51.522375
-0.064610,51.525707
-0.038380,51.528869
-0.016252,51.507274
-0.021144,51.510774
-0.031886,51.512303
-0.048068,51.521477
-0.063855,51.526504
-0.060399,51.509451
-0.007556,51.511713
-0.075080,51.509873
-0.023156,51.527534
-0.064848,51.526880
-0.022576,51.510978
-0.014704,51.522985
-0.032993,51.533455
-0.050847,51.527278
-0.022253,51.508454
-0.064078,51.511041
-0.023261,51.518453
-0.075861,51.522116
-0.035148,51.526926
-0.057002,51.531697
-0.062261,51.533492
-0.064690,51.523820
-0.063969,51.523808
-0.014551,51.529817
-0.009601,51.517683
-0.030262,51.529902
-0.018340,51.522237
-0.042150,51.511576
-0.055543,51.521960
-0.059970,51.512771
-0.057345,51.516865
-0.072655,51.516128
-0.026970,51.509343
-0.021704,51.527779
-0.009609,51.517503
-0.050037,51.532750
-0.025715,51.495024
-0.020637,51.515801
-0.047979,51.516799
-0.039936,51.522870
-0.033919,51.532031
-0.027373,51.526706
-0.071452,51.530946
-0.008890,51.500944
-0.064723,51.526429
-0.067132,51.517206
-0.053656,51.512127
-0.046320,51.521897
-0.068868,51.520472
-0.071389,51.515388
-0.013748,51.511818
-0.013511,51.487444
-0.057331,51.534130
-0.056211,51.519813
-0.042464,51.517696
-0.047013,51.522538
-0.055246,51.525553
-0.078788,51.521085
-0.065595,51.509267
-0.073966,51.508955
-0.071544,51.518538
-0.016536,51.507369
-0.052723,51.520475
-0.047048,51.521729
-0.076233,51.523561
-0.073405,51.515421
-0.060321,51.514666
-0.068058,51.508948
-0.040368,51.522877
-0.065673,51.517632
-0.072109,51.515400
-0.031885,51.525702
-0.006231,51.515647
-0.055724,51.514320
-0.024608,51.527289
-0.061177,51.531856
-0.020778,51.515893
-0.042196,51.510498
-0.056466,51.527371
-0.047804,51.531004
-0.000312,51.512579
-0.011584,51.511871
-0.053427,51.514102
-0.014156,51.495818
-0.024872,51.507869
-0.035821,51.524689
-0.018733,51.523143
-0.068747,51.516513
-0.023530,51.515580
-0.075058,51.520664
-0.065703,51.516913
-0.022109,51.518434
-0.032455,51.532546
-0.073617,51.524057
-0.053587,51.520489
-0.013690,51.529712
-0.041520,51.512824
-0.010499,51.510324
-0.048225,51.531281
-0.040368,51.522877
-0.068451,51.516688
-0.064213,51.518057
-0.028297,51.511973
-0.073439,51.514612
-0.059126,51.529214
-0.034657,51.524940
-0.063711,51.526502
-0.070779,51.505935
-0.048068,51.521477
-0.035233,51.524949
-0.034653,51.525029
-0.048632,51.515011
-0.051590,51.526751
-0.055227,51.532746
-0.044389,51.513142
-0.054720,51.514213
-0.008368,51.503004
-0.055136,51.524741
-0.439212,51.460071
-0.456414,51.470730
-0.421999,51.466675
-0.449640,51.479453
-0.439557,51.479499
-0.479577,51.479935
-0.452923,51.480306
-0.477271,51.479995
-0.453003,51.482195
-0.459272,51.479940
-0.035417,51.587631
-0.027823,51.589661
-0.011780,51.557017
-0.016849,51.602965
-0.031635,51.611667
-0.040634,51.587178
-0.015384,51.573625
-0.007245,51.617820
-0.000849,51.592442
0.000405,51.581540
-0.031920,51.611762
-0.022996,51.571145
-0.014199,51.574324
-0.000032,51.581457
-0.006804,51.578425
-0.016125,51.573188
-0.024898,51.570548
-0.033067,51.591908
-0.012999,51.575383
-0.034746,51.586450
0.008195,51.578170
0.002082,51.570450
0.009898,51.593877
-0.025651,51.583150
-0.026223,51.569941
0.010131,51.566446
-0.016378,51.577329
-0.024384,51.619009
-0.015741,51.562120
-0.019733,51.583140
-0.007933,51.559200
-0.018904,51.572335
-0.026515,51.569856
-0.011889,51.627251
-0.030082,51.577470
-0.040474,51.587535
-0.018420,51.580151
0.006164,51.555003
-0.004928,51.591612
-0.003712,51.579812
-0.030475,51.568394
-0.016619,51.555211
-0.017372,51.600906
-0.012952,51.635992
-0.005072,51.591615
-0.009015,51.577384
0.007219,51.559302
-0.032080,51.544590
-0.017363,51.558011
-0.003986,51.629545
-0.021960,51.571757
0.013754,51.570071
-0.004171,51.582517
-0.001159,51.624821
-0.010754,51.600344
-0.000121,51.618868
-0.010282,51.561578
-0.010990,51.565187
-0.047935,51.578487
-0.014124,51.632325
-0.001874,51.585536
0.010631,51.567966
0.010463,51.567430
-0.029546,51.586543
-0.032757,51.579043
-0.004040,51.562461
-0.006430,51.557286
-0.015223,51.600510
-0.023129,51.584726
-0.019848,51.600408
-0.019261,51.584032
0.000264,51.581632
-0.014243,51.589882
-0.016389,51.600260
0.013462,51.569986
-0.040038,51.590945
-0.016896,51.621760
-0.017739,51.572586
0.019882,51.607375
-0.005688,51.600618
0.011268,51.595473
-0.010263,51.634687
0.003951,51.580131
-0.034359,51.582038
-0.018446,51.589503
0.002497,51.560192
-0.017316,51.608818
-0.023330,51.623308
-0.035463,51.566499
-0.009600,51.573887
-0.008444,51.570630
0.011273,51.566157
-0.013747,51.574766
-0.010717,51.617699
-0.005294,51.553580
0.003382,51.580320
0.004858,51.571212
0.011393,51.595021
-0.010017,51.561034
-0.043984,51.562954
0.000741,51.576049
-0.018266,51.593637
-0.015508,51.597277
0.011386,51.572000
-0.015750,51.598361
-0.024629,51.570094
-0.035413,51.587720
-0.033113,51.567449
-0.022264,51.571403
-0.016748,51.621848
-0.012441,51.574924
-0.002766,51.611269
0.000019,51.618776
-0.033182,51.599283
-0.021362,51.585506
0.008250,51.621962
0.002642,51.560189
0.009663,51.617982
-0.004255,51.550955
-0.015929,51.600881
-0.016980,51.590018
-0.041389,51.596453
-0.020946,51.571830
-0.027997,51.582290
-0.020962,51.574798
0.013585,51.572772
-0.008557,51.571351
-0.017961,51.600646
0.114506,51.564432
0.085266,51.593911
0.016785,51.573346
0.137909,51.601957
0.075131,51.590134
0.062023,51.593962
0.111394,51.568894
0.080298,51.598945
0.053095,51.578472
0.031967,51.590170
0.039354,51.597146
0.080663,51.587968
0.123930,51.611833
0.060080,51.576551
0.020935,51.572555
0.115917,51.582392
0.031618,51.562929
0.027137,51.608149
0.027571,51.591955
0.102853,51.565181
0.062346,51.591529
0.063067,51.591516
0.048218,51.604815
0.067752,51.577045
0.110156,51.563970
0.036880,51.593502
0.038440,51.576749
0.024886,51.564034
0.062911,51.597634
0.042306,51.576052
0.020509,51.598731
0.083209,51.564722
0.079082,51.559669
0.016938,51.573523
0.083545,51.575237
0.066769,51.555390
0.022457,51.577565
0.058260,51.580989
0.077258,51.544953
0.087200,51.566809
0.018288,51.558392
0.022197,51.594475
0.046081,51.605482
0.047368,51.573086
0.067740,51.557711
0.050973,51.573023
0.022402,51.592584
0.054121,51.594820
0.045046,51.576004
0.075156,51.549487
0.080790,51.565484
0.043126,51.600768
0.097263,51.609884
0.049270,51.589689
0.029459,51.576005
0.058455,51.591687
0.066774,51.555480
0.052268,51.576148
0.095275,51.604344
0.119311,51.568482
0.092349,51.565818
0.063909,51.559128
0.028420,51.604530
0.060224,51.576548
0.021549,51.589631
0.097544,51.609700
0.104599,51.565509
0.023407,51.569725
0.076793,51.556922
0.082744,51.560863
0.082173,51.573643
0.053552,51.579003
0.084117,51.581432
0.081549,51.559985
0.060224,51.576548
0.078260,51.554288
0.086960,51.602514
0.045178,51.575732
0.073693,51.552210
0.082975,51.588017
0.073961,51.551756
0.024770,51.593892
0.072626,51.554118
0.037602,51.593490
0.058001,51.568854
0.081870,51.563846
0.070071,51.558210
0.138054,51.601954
0.126736,51.610073
0.048894,51.571711
0.065385,51.556674
0.065564,51.576544
0.088905,51.553649
0.115020,51.563073
0.069363,51.577556
-0.017693,51.590210
0.066352,51.574822
0.047072,51.572912
0.038939,51.587891
0.089593,51.562360
0.086623,51.566819
0.105142,51.608484
0.085232,51.552186
0.082615,51.595937
0.062285,51.561494
0.064042,51.571625
0.093510,51.559682
0.129809,51.570809
0.036801,51.601417
0.035873,51.577423
0.064248,51.557053
0.022660,51.608136
0.044009,51.578630
0.086821,51.561690
0.058351,51.592588
0.065797,51.556217
0.123650,51.574878
0.085685,51.558922
0.039972,51.581938
0.043274,51.600855
0.025650,51.574722
0.076594,51.546224
0.029470,51.611885
0.043755,51.598688
-0.032689,51.593970
0.039571,51.582664
0.063963,51.573065
0.115855,51.602806
0.093552,51.566876
0.049096,51.605070
0.113641,51.564447
0.026447,51.618592
0.097012,51.563666
0.094804,51.562717
0.087397,51.602596
0.019874,51.607195
0.044910,51.576187
0.129246,51.608139
0.109779,51.568294
0.019234,51.602530
0.046388,51.576970
0.102529,51.570672
0.085666,51.593185
0.055125,51.585091
0.166214,51.526078
0.212921,51.594361
0.179619,51.513959
0.209034,51.603517
0.170759,51.564034
0.249480,51.556975
0.180448,51.603692
0.175777,51.575452
0.184086,51.577186
0.164671,51.581682
0.159419,51.574405
0.221767,51.586280
0.207529,51.578456
0.187160,51.575060
0.191889,51.547364
0.184112,51.571700
0.172747,51.605723
0.271459,51.575347
0.174598,51.574934
0.261593,51.609171
0.202971,51.564782
0.212403,51.562896
0.245095,51.602653
0.232178,51.551280
0.188596,51.562893
0.207870,51.555697
0.206161,51.580010
0.201381,51.564722
0.171367,51.519238
0.221050,51.500502
0.207166,51.609668
0.183938,51.577098
0.179014,51.570715
0.225280,51.619757
0.207490,51.577647
0.183826,51.568737
0.192805,51.584397
0.187480,51.593759
0.233246,51.570145
0.220375,51.599167
0.256272,51.557204
0.216949,51.626659
0.159851,51.574397
0.157217,51.598006
0.183796,51.580159
0.179808,51.572229
0.177778,51.523706
0.208841,51.605499
0.202907,51.545539
0.160933,51.591104
0.224398,51.586950
0.281705,51.578206
0.259030,51.577925
0.209393,51.593079
0.167888,51.564357
0.190622,51.572028
0.169920,51.525200
0.169385,51.519994
0.169215,51.519458
0.152855,51.600425
0.225823,51.524512
0.206322,51.541607
0.182971,51.617134
0.217020,51.562899
0.286355,51.570201
0.189509,51.518811
0.174773,51.569535
0.165113,51.581854
0.251904,51.556389
0.257316,51.613210
0.183339,51.615779
0.284972,51.571397
0.169595,51.578983
0.195301,51.573289
0.205262,51.597203
0.239800,51.553743
0.264001,51.608225
0.225823,51.524512
0.211408,51.598886
0.212825,51.592385
0.208456,51.606496
0.231592,51.598234
0.187452,51.575145
0.222427,51.608660
0.259030,51.577925
0.191343,51.572014
0.282989,51.575033
0.200395,51.574183
0.182434,51.590885
0.189794,51.515748
0.276555,51.573360
0.219034,51.571674
0.233762,51.524721
0.192552,51.540157
0.206724,51.612464
0.186971,51.529020
0.257564,51.612396
0.166444,51.591631
0.184543,51.511439
0.165949,51.520507
0.200251,51.574186
0.205335,51.580835
0.210868,51.581810
0.219628,51.569055
0.178019,51.580086
0.257595,51.613025
0.171907,51.606279
0.181196,51.522833
0.169139,51.520898
0.256395,51.577166
0.163319,51.598793
0.168946,51.589607
0.176774,51.523814
0.185934,51.531468
0.221338,51.500496
0.215710,51.562654
0.200422,51.586683
0.165386,51.520787
0.229930,51.555460
0.224328,51.606196
0.212682,51.562711
0.242959,51.606201
0.212616,51.582137
0.240872,51.557949
0.004610,51.522926
0.031227,51.502325
0.025553,51.546577
0.008984,51.537150
0.010082,51.552239
0.061326,51.521134
0.021373,51.530372
0.006213,51.546280
-0.007349,51.536259
0.057039,51.553943
0.010353,51.512576
0.014906,51.511239
0.007459,51.515593
0.024828,51.549737
0.036598,51.545217
0.029393,51.525917
0.011275,51.543315
0.026040,51.525076
0.056251,51.533273
0.022748,51.538622
0.045207,51.512064
0.036356,51.530113
0.050031,51.542465
0.055306,51.531491
0.073373,51.526137
0.005163,51.548636
0.022457,51.535300
0.007551,51.537354
0.025136,51.550181
0.010395,51.516802
-0.002087,51.537878
0.067256,51.553403
0.048397,51.551036
0.045916,51.527878
0.067356,51.552412
0.061766,51.521306
0.037801,51.530178
0.028953,51.525745
0.003647,51.520694
0.021518,51.530370
0.033956,51.537709
0.051542,51.537582
0.001501,51.540785
0.040792,51.539029
0.051546,51.537672
0.021949,51.517323
0.052045,51.532717
0.015830,51.532176
0.029109,51.526012
0.049571,51.532221
0.012676,51.516223
0.073933,51.525768
0.017332,51.517223
0.005197,51.546117
0.025170,51.515199
0.013922,51.541202
0.017252,51.541504
0.072184,51.525349
0.023664,51.546250
0.032891,51.513806
0.010495,51.515811
0.059972,51.551823
0.002626,51.540136
0.033379,51.528006
0.022229,51.517138
0.023664,51.546250
0.035032,51.535981
0.056168,51.528239
0.044970,51.522859
0.072428,51.524355
0.031046,51.546842
0.017547,51.544916
0.043116,51.549060
0.028833,51.526287
0.061620,51.511686
0.029658,51.525373
0.055705,51.530765
0.037491,51.516784
0.070073,51.507401
0.045069,51.531490
0.057766,51.522096
0.050876,51.532378
0.032315,51.517054
0.017676,51.528278
0.056144,51.527700
0.000155,51.542966
0.060827,51.554775
0.032567,51.542139
0.032078,51.544126
0.032475,51.540072
0.035507,51.517538
0.054144,51.521709
0.046195,51.550175
0.007732,51.521794
0.033131,51.538622
0.055644,51.519795
0.056602,51.553860
0.070698,51.508469
0.021944,51.536747
0.058257,51.520198
0.007295,51.515147
0.035420,51.534985
0.046273,51.555120
0.007524,51.520358
0.029245,51.525830
0.027138,51.517323
0.061622,51.521308
0.052333,51.532712
0.072559,51.524083
0.031634,51.521202
-0.000034,51.532088
0.058690,51.529813
0.072187,51.528586
0.025981,51.546480
0.041342,51.544864
0.014701,51.532735
0.016900,51.504191
0.073769,51.525321
0.042057,51.538287
0.022460,51.522350
0.057864,51.511482
0.046762,51.533889
0.014936,51.547839
0.058076,51.525777
0.045286,51.520246
-0.004771,51.535856
0.057338,51.515808
0.040706,51.530667
0.031630,51.521112
-0.001521,51.540926
0.029600,51.546777
0.057834,51.501231
0.073802,51.526040
0.058078,51.500238
0.000883,51.543133
0.070726,51.509098
0.010349,51.512486
0.030002,51.523389
0.045402,51.522851
0.032339,51.540255
0.027769,51.525046
0.047628,51.501770
0.025257,51.546402
0.022169,51.535304
0.032010,51.542598
0.061865,51.555387
0.003418,51.541741
0.058037,51.521731
0.047861,51.529463
0.006231,51.536837
0.026030,51.544320
0.059092,51.532324
0.022320,51.522442
0.008988,51.514308
0.034024,51.535999
0.041294,51.527689
0.022460,51.522350
0.042004,51.514547
0.027575,51.546632
0.035838,51.547568
-0.001638,51.541558
0.072428,51.524355
0.033231,51.514970
0.024820,51.549557
0.032811,51.528196
0.021872,51.522090
0.073509,51.525955
0.071287,51.524645
0.047798,51.508781
0.063380,51.499605
0.057120,51.533348
0.031566,51.545574
0.018847,51.522142
0.036919,51.516884
0.047516,51.550692
0.102494,51.535511
0.091096,51.532207
0.151428,51.530487
0.099765,51.535740
0.083830,51.534135
0.141542,51.580938
0.083131,51.528302
0.141262,51.581122
0.116242,51.555228
0.129670,51.561639
0.093591,51.545742
0.115642,51.542289
0.147562,51.558615
0.137039,51.589563
0.092207,51.528141
0.131959,51.551975
0.117773,51.532268
0.113169,51.544941
0.082998,51.541164
0.135039,51.531506
0.129973,51.537263
0.104042,51.534674
0.068709,51.537730
0.098823,51.540343
0.124023,51.545735
0.082076,51.539922
0.116414,51.524739
0.127215,51.561594
0.118345,51.532168
0.083424,51.528387
0.139669,51.522608
0.127277,51.532006
0.115923,51.551456
0.126951,51.562138
0.141050,51.539759
0.100426,51.528174
0.139332,51.530798
0.152272,51.551425
0.074327,51.540779
0.083136,51.528392
0.158726,51.544561
0.155731,51.557476
0.149576,51.540143
0.148135,51.540170
0.127273,51.531917
0.147826,51.545841
0.135521,51.584914
0.070842,51.537063
0.075003,51.539777
0.102214,51.535696
0.098905,51.535845
0.141853,51.572209
0.072307,51.537577
0.099627,51.542127
0.148000,51.540352
0.147740,51.559331
0.154335,51.540146
0.144051,51.594381
0.116633,51.532559
0.095199,51.530516
0.069673,51.536724
0.126926,51.561599
0.123199,51.562116
0.139357,51.562093
0.139671,51.581062
0.117655,51.554573
0.092418,51.545313
0.071723,51.537407
0.069344,51.535831
0.111018,51.532750
0.111427,51.535350
0.090544,51.532757
0.145187,51.566393
0.100434,51.528354
0.167638,51.553030
0.143535,51.531261
0.085029,51.528808
0.072307,51.537577
0.127120,51.531740
0.081627,51.539570
0.165893,51.543620
0.154818,51.528986
0.114613,51.541858
0.126949,51.534261
0.126949,51.534261
0.080153,51.538877
0.061470,51.521131
0.109607,51.533405
0.156184,51.545687
0.122343,51.562312
0.147864,51.537477
0.081627,51.539570
0.156146,51.550994
0.127273,51.531917
0.148012,51.540621
0.095230,51.543734
0.113910,51.551583
-0.124943,51.443147
-0.119111,51.480013
-0.113206,51.462562
-0.131418,51.429042
-0.125435,51.469772
-0.101604,51.429911
-0.097898,51.439473
-0.114546,51.499903
-0.129444,51.459765
-0.124269,51.459592
-0.124371,51.446555
-0.126565,51.484359
-0.105812,51.436005
-0.149186,51.466373
-0.135164,51.418310
-0.123402,51.477204
-0.116404,51.461804
-0.129075,51.458230
-0.111222,51.444365
-0.136383,51.462573
-0.145749,51.469466
-0.122594,51.472335
-0.103234,51.491267
-0.112553,51.481886
-0.111381,51.503269
-0.131123,51.464468
-0.093092,51.471949
-0.123262,51.459576
-0.108797,51.440369
-0.137282,51.426347
-0.116832,51.489868
-0.137121,51.462135
-0.122602,51.472155
-0.124988,51.459604
-0.128676,51.432775
-0.119021,51.443681
-0.112831,51.475146
-0.112666,51.468668
-0.098078,51.455933
-0.104679,51.466831
-0.117017,51.460915
-0.104897,51.475467
-0.121853,51.472863
-0.138852,51.416031
-0.117875,51.433051
-0.124498,51.415352
-0.119280,51.486400
-0.111642,51.479533
-0.124688,51.442333
-0.131048,51.420493
-0.139477,51.467928
-0.119165,51.443683
-0.115855,51.461166
-0.116537,51.465583
-0.117079,51.466401
-0.124045,51.482610
-0.078578,51.419824
-0.131381,51.426433
-0.108797,51.440369
-0.119120,51.500786
-0.115050,51.463221
-0.146663,51.454013
-0.128673,51.432865
-0.107429,51.463009
-0.124432,51.480188
-0.123214,51.488801
-0.111527,51.496257
-0.111941,51.461822
-0.126918,51.468717
-0.105730,51.437982
-0.126304,51.416910
-0.089442,51.431782
-0.122941,51.449859
-0.107425,51.463098
-0.131395,51.475443
-0.124030,51.486476
-0.144422,51.456046
-0.125953,51.439566
-0.129484,51.455269
-0.100291,51.454620
-0.130177,51.452403
-0.126304,51.416910
-0.137696,51.462144
-0.125583,51.469685
-0.119004,51.475605
-0.144875,51.448410
-0.103998,51.434626
-0.122314,51.472151
-0.106315,51.441228
-0.102686,51.452410
-0.118172,51.457336
-0.139234,51.470352
-0.098569,51.468351
-0.111317,51.480427
-0.111519,51.496437
-0.119925,51.435692
-0.131189,51.427599
-0.111003,51.481051
-0.115560,51.461341
-0.114409,51.499721
-0.144238,51.442824
-0.113962,51.465182
-0.096795,51.427945
-0.121573,51.451636
-0.102636,51.491797
-0.103877,51.434085
-0.130710,51.425253
-0.120944,51.494970
-0.113801,51.455108
-0.112909,51.473258
-0.105432,51.424308
-0.130742,51.420937
-0.110919,51.462166
-0.117059,51.477372
-0.113186,51.504917
-0.129644,51.423168
-0.106089,51.422340
-0.122797,51.484928
-0.124364,51.446734
-0.113799,51.504027
-0.093367,51.468806
-0.139035,51.461086
-0.113965,51.465092
-0.124129,51.459500
-0.122406,51.473411
-0.130592,51.424622
-0.124943,51.443147
-0.090704,51.436029
-0.104298,51.489936
-0.109998,51.484452
-0.143626,51.465026
-0.129803,51.422811
-0.111630,51.479803
-0.112743,51.473795
-0.125461,51.423461
-0.121524,51.459818
-0.112029,51.463173
-0.106020,51.430972
-0.103507,51.456920
-0.129644,51.423168
-0.122340,51.485550
-0.131946,51.447845
-0.129448,51.463182
-0.122550,51.473413
-0.132228,51.440925
-0.141281,51.469575
-0.110139,51.481037
-0.134491,51.463083
-0.121690,51.469802
-0.105389,51.453174
-0.111479,51.479980
-0.093742,51.435629
-0.132144,51.474736
-0.123088,51.449771
-0.092423,51.422388
-0.108339,51.489731
-0.122026,51.486174
-0.106156,51.441586
-0.103987,51.434896
-0.111255,51.461002
-0.127808,51.418822
-0.115146,51.506297
-0.101684,51.466153
-0.110301,51.484098
-0.124544,51.442331
-0.128335,51.420000
-0.099806,51.466302
-0.111425,51.505698
-0.111642,51.479533
-0.127645,51.436895
-0.114550,51.499813
-0.103329,51.440371
-0.128229,51.426113
-0.119778,51.481282
-0.126739,51.451988
-0.132512,51.472763
-0.121554,51.473128
-0.110990,51.460458
-0.113010,51.481264
-0.101081,51.470280
-0.102146,51.430729
-0.135017,51.418398
-0.098190,51.439388
-0.117457,51.443206
-0.115217,51.459177
-0.129537,51.422267
-0.115855,51.461166
-0.132739,51.463684
-0.121059,51.492184
-0.121100,51.452617
-0.111163,51.491126
-0.116806,51.462530
-0.104105,51.491102
-0.138197,51.449832
-0.083712,51.424315
-0.126918,51.468717
-0.113398,51.478842
-0.116324,51.456767
-0.119284,51.486310
-0.099676,51.438243
-0.106096,51.488256
-0.096299,51.457163
-0.117357,51.452647
-0.108045,51.486399
-0.109396,51.485072
-0.112990,51.453836
-0.106561,51.456160
-0.098569,51.468351
-0.100089,51.476828
-0.125848,51.459707
-0.107353,51.503114
-0.115017,51.505935
-0.103487,51.478232
-0.126433,51.417272
-0.129379,51.422624
-0.125639,51.440190
-0.148383,51.461324
-0.116104,51.500557
-0.147375,51.461309
-0.124360,51.446824
-0.122151,51.434019
-0.097669,51.469235
-0.098370,51.424643
-0.124247,51.470653
-0.119016,51.468321
-0.124567,51.441792
-0.129304,51.459673
-0.124943,51.443147
-0.117589,51.454000
-0.112899,51.501405
-0.135608,51.460403
-0.109991,51.442816
-0.112571,51.498882
-0.124642,51.415354
-0.120675,51.494516
-0.114906,51.463219
-0.111951,51.465060
-0.131784,51.448292
-0.145505,51.461279
-0.123059,51.475040
-0.061604,51.464058
-0.061189,51.473853
-0.099988,51.493103
-0.082759,51.491744
-0.060381,51.492905
-0.055090,51.498752
-0.070082,51.498550
-0.109138,51.498287
-0.092998,51.474195
-0.076241,51.424102
-0.086684,51.494326
-0.067372,51.484297
-0.058428,51.450697
-0.073905,51.493307
-0.092631,51.500268
-0.093809,51.492733
-0.054888,51.473030
-0.080413,51.485860
-0.097760,51.491269
-0.063923,51.473899
-0.101036,51.495638
-0.089160,51.500571
-0.090168,51.448880
-0.066663,51.484016
-0.104498,51.505946
-0.104593,51.507116
-0.101827,51.483511
-0.073769,51.493125
-0.081364,51.490642
-0.077734,51.474216
-0.084797,51.494655
-0.103343,51.495586
-0.079027,51.433141
-0.094448,51.480873
-0.077599,51.453441
-0.072535,51.447242
-0.100058,51.494903
-0.082241,51.462869
-0.103549,51.497567
-0.045884,51.491675
-0.064783,51.474003
-0.075003,51.474081
-0.065352,51.491188
-0.072977,51.464066
-0.100417,51.493200
-0.089132,51.473683
-0.078269,51.488883
-0.063435,51.492236
-0.095340,51.445637
-0.100230,51.497693
-0.082267,51.496592
-0.053869,51.483444
-0.094243,51.478892
-0.092800,51.472034
-0.070633,51.485520
-0.056449,51.449854
-0.084163,51.502918
-0.074189,51.486567
-0.075171,51.487213
-0.100856,51.493027
-0.083511,51.504705
-0.101646,51.477483
-0.101350,51.495014
-0.054495,51.499192
-0.068606,51.492591
-0.046899,51.491512
-0.090833,51.467416
-0.099190,51.494979
-0.100564,51.493113
-0.093719,51.484549
-0.077705,51.488604
-0.077617,51.487253
-0.076204,51.425001
-0.059892,51.480666
-0.083002,51.427540
-0.068419,51.469746
-0.104736,51.500194
-0.078311,51.429622
-0.077014,51.474204
-0.088126,51.490842
-0.105320,51.479161
-0.066412,51.442286
-0.098220,51.487140
-0.098093,51.476346
-0.094473,51.494093
-0.075249,51.457988
-0.064783,51.474003
-0.053152,51.476598
-0.104785,51.499026
-0.075879,51.497746
-0.067187,51.478449
-0.057484,51.479727
-0.078690,51.489159
-0.093984,51.485092
-0.033491,51.501809
-0.094932,51.486547
-0.097627,51.490997
-0.064251,51.483167
-0.050252,51.497323
-0.095739,51.487909
-0.081914,51.491280
-0.082714,51.496239
-0.101078,51.453014
-0.094905,51.494100
-0.085774,51.450697
-0.054601,51.473025
-0.054942,51.498839
-0.090225,51.502657
-0.078414,51.461457
-0.057387,51.475229
-0.051465,51.465509
-0.109842,51.502165
-0.080039,51.426143
-0.096679,51.489543
-0.073610,51.486648
-0.104731,51.503791
-0.094329,51.494091
-0.064967,51.483268
-0.099495,51.477268
-0.083001,51.492827
-0.093167,51.504683
-0.067476,51.468202
-0.098474,51.494877
-0.087542,51.453154
-0.098162,51.491995
-0.078311,51.429622
-0.063926,51.439816
-0.101646,51.477483
-0.065885,51.495603
-0.100898,51.505888
-0.088355,51.506043
-0.108177,51.500610
-0.073432,51.473786
-0.093866,51.484461
-0.081117,51.462221
-0.095592,51.505262
-0.092601,51.494063
-0.073288,51.477200
-0.073893,51.449153
-0.093010,51.473926
-0.108302,51.480198
-0.099551,51.496693
-0.076428,51.488133
-0.077258,51.454694
-0.086623,51.468246
-0.070285,51.473284
-0.094444,51.480963
-0.089544,51.505164
-0.085674,51.484058
-0.088347,51.506223
-0.107188,51.500144
-0.066860,51.462347
-0.102038,51.506176
-0.098306,51.491997
-0.058802,51.489371
-0.062456,51.498334
-0.105376,51.498676
-0.054938,51.498929
-0.095751,51.504905
-0.079137,51.461379
-0.067511,51.457142
-0.095774,51.504366
-0.096532,51.489630
-0.085942,51.494853
-0.061329,51.473946
-0.100033,51.498949
-0.083620,51.481506
-0.095755,51.504815
-0.070126,51.477058
-0.089544,51.505164
-0.068464,51.472085
-0.060576,51.498483
-0.080656,51.490360
-0.096122,51.502932
-0.087638,51.505942
-0.052490,51.458332
-0.103767,51.478417
-0.081278,51.492709
-0.093230,51.441016
-0.057467,51.473342
-0.021167,51.470307
-0.038229,51.475360
-0.034051,51.458654
-0.028156,51.475191
-0.020456,51.443497
-0.018494,51.425658
-0.008129,51.455608
-0.026581,51.474985
-0.012762,51.458295
-0.052811,51.477851
-0.036347,51.465526
-0.024878,51.481071
-0.019787,51.445644
-0.018924,51.465593
-0.050435,51.442381
-0.013365,51.457675
0.020176,51.438127
-0.041429,51.474604
-0.057576,51.440251
-0.032912,51.475091
-0.046234,51.443030
-0.052667,51.477849
-0.005985,51.461867
-0.036203,51.465524
-0.033043,51.468708
-0.042344,51.426329
-0.051405,51.439879
-0.029012,51.475385
-0.037358,51.475525
-0.006039,51.450716
-0.029236,51.470173
-0.009838,51.442777
-0.016965,51.450992
-0.016961,51.451082
-0.037042,51.429208
-0.011139,51.429400
-0.048134,51.442342
-0.041072,51.432512
-0.044317,51.477800
-0.014718,51.456349
-0.037066,51.475610
-0.025005,51.468124
-0.041285,51.474602
-0.036300,51.486748
-0.011135,51.465911
-0.043078,51.425981
0.013375,51.427453
-0.018267,51.447507
0.004981,51.429575
0.029722,51.432747
0.006540,51.445466
-0.018202,51.435725
-0.061239,51.425114
-0.000196,51.469142
-0.042880,51.474359
0.011998,51.451757
-0.054751,51.445780
-0.039244,51.475197
-0.039695,51.427723
-0.037682,51.437761
-0.028483,51.477625
-0.005710,51.445045
-0.033895,51.442194
-0.069315,51.431452
-0.015424,51.463286
-0.045968,51.425670
-0.009126,51.462460
-0.032270,51.473282
-0.018216,51.465311
-0.034020,51.459372
0.005965,51.458605
-0.027688,51.469338
-0.024156,51.444459
-0.047147,51.475599
-0.007519,51.466299
-0.022816,51.472134
-0.028488,51.460808
-0.053040,51.448809
-0.018803,51.468379
-0.013180,51.445352
-0.022562,51.444701
-0.009877,51.461753
0.013606,51.445794
-0.034464,51.475837
0.017084,51.420195
-0.017342,51.448930
-0.045824,51.425667
-0.028156,51.475191
-0.039551,51.427721
0.022149,51.437194
-0.016992,51.450363
-0.029077,51.470530
-0.039100,51.475195
-0.035465,51.465961
-0.049267,51.476533
0.008642,51.424477
-0.010098,51.426865
-0.012221,51.464131
0.003663,51.442188
-0.059966,51.431388
-0.047478,51.437475
0.021141,51.430647
-0.038791,51.442096
-0.054031,51.439023
-0.034899,51.485826
-0.017448,51.433194
-0.051552,51.439791
-0.029921,51.470994
-0.032713,51.473019
-0.024298,51.474497
-0.037189,51.429120
-0.024156,51.444459
-0.021983,51.444782
-0.034538,51.460730
-0.042286,51.484870
-0.043477,51.487318
-0.043795,51.476532
-0.017942,51.435091
-0.022170,51.467087
0.001344,51.445105
-0.032881,51.475810
-0.029672,51.470091
-0.046157,51.465061
-0.037329,51.429212
-0.047792,51.473991
0.004368,51.445143
-0.011318,51.465015
-0.020055,51.466062
-0.017342,51.448930
-0.037496,51.428676
-0.012353,51.464403
-0.039551,51.427721
-0.034763,51.485644
-0.031597,51.472191
-0.065558,51.435257
-0.054599,51.439212
0.021141,51.430647
-0.031453,51.472189
0.000779,51.458514
-0.050115,51.476907
-0.019993,51.444208
-0.059698,51.430934
-0.013504,51.464422
0.011484,51.456442
-0.026682,51.475976
-0.020728,51.433879
-0.003373,51.459034
0.008639,51.457210
0.008756,51.433647
-0.033608,51.458916
-0.022030,51.460340
-0.052404,51.440075
-0.058715,51.440540
-0.053694,51.440187
0.021141,51.430647
0.009343,51.433907
-0.033970,51.473940
-0.051990,51.426130
-0.021443,51.470582
-0.064176,51.440720
-0.016232,51.431375
-0.018490,51.425748
-0.019480,51.446088
0.009603,51.433273
-0.021940,51.432461
-0.049770,51.424204
-0.012360,51.464223
-0.010522,51.427052
0.021164,51.431186
-0.018764,51.462623
0.007832,51.422422
-0.037189,51.429120
-0.056809,51.427828
-0.009111,51.429726
-0.019018,51.446800
-0.023018,51.467461
0.104598,51.399681
0.016896,51.399605
0.056615,51.368428
-0.067259,51.411994
0.113977,51.363000
0.115775,51.377087
0.090287,51.391664
0.027025,51.394574
0.011802,51.421095
0.111026,51.392551
0.143599,51.409765
0.122237,51.358355
-0.002384,51.402543
0.109227,51.387817
0.122933,51.376508
0.109713,51.367124
-0.073926,51.417589
-0.024847,51.401755
0.053745,51.390961
0.107124,51.407729
0.135792,51.347137
0.030034,51.335888
0.011761,51.407067
-0.054751,51.415294
0.054111,51.428005
0.050542,51.431845
0.045132,51.413774
0.102471,51.375258
-0.024326,51.400487
0.074261,51.412362
-0.078718,51.416499
-0.061251,51.407848
0.015983,51.408253
0.015986,51.401779
0.100035,51.406777
-0.054154,51.415824
0.053351,51.414259
0.017043,51.383325
0.098639,51.360578
0.105691,51.389050
0.001058,51.369390
0.062596,51.421561
0.109287,51.370369
0.107224,51.397385
-0.055708,51.416479
0.115222,51.396252
0.115930,51.374206
0.077088,51.373193
0.041192,51.383446
0.098927,51.373163
0.044582,51.401463
0.047057,51.434334
-0.037909,51.402244
-0.059011,51.413207
-0.033591,51.415750
-0.058397,51.417513
0.053205,51.366060
-0.021972,51.378415
0.046785,51.367072
0.109645,51.371892
0.110941,51.371958
0.107026,51.396220
-0.040075,51.408755
-0.024024,51.377460
-0.067422,51.404713
-0.049009,51.411692
-0.018490,51.399129
-0.043238,51.398646
0.029736,51.335623
0.006915,51.401485
0.113133,51.407081
-0.029103,51.406413
0.017918,51.380342
0.093656,51.371009
0.066744,51.385966
0.017256,51.388177
0.040063,51.316019
0.034582,51.389946
0.091966,51.371759
0.087040,51.396128
-0.022024,51.407193
0.074276,51.387272
-0.050909,51.414331
0.089352,51.352201
-0.019298,51.377110
0.113698,51.363185
0.009906,51.377872
0.057300,51.290717
0.097590,51.381641
-0.016263,51.380836
0.058801,51.369109
-0.028119,51.395874
-0.032986,51.406388
0.035980,51.346936
0.089077,51.349328
-0.000292,51.401068
0.051502,51.366539
-0.065160,51.410611
0.027319,51.362194
-0.044236,51.398842
-0.047422,51.408428
-0.053176,51.401599
-0.032544,51.406650
0.053652,51.366412
-0.070605,51.414477
0.011275,51.382885
0.086117,51.372673
-0.076098,51.424100
0.103592,51.355813
-0.006359,51.407017
-0.064919,51.406110
-0.001343,51.393442
0.093598,51.398079
0.032778,51.316775
0.027590,51.309761
-0.058680,51.417608
0.033933,51.316935
-0.008430,51.399049
-0.030244,51.403284
0.107433,51.383173
-0.054154,51.415824
-0.058003,51.406445
-0.019298,51.377110
0.091814,51.381025
0.063046,51.386841
0.052420,51.390265
0.098418,51.374611
-0.032249,51.406825
-0.024828,51.412186
0.002837,51.331140
0.056972,51.363566
0.026999,51.403747
0.055850,51.396230
0.019632,51.393173
0.102218,51.379130
0.111636,51.377701
-0.040770,51.392490
-0.051483,51.417758
-0.054695,51.403063
0.021534,51.423266
0.058978,51.405078
0.039033,51.363969
-0.034031,51.405506
0.113084,51.406003
-0.037765,51.402241
0.042166,51.389185
-0.057311,51.405804
0.137021,51.385874
-0.040479,51.409391
0.004419,51.416725
0.035955,51.388484
0.038479,51.429087
-0.011788,51.427703
0.109092,51.387999
0.105236,51.357223
0.098566,51.374699
0.009084,51.411609
0.002591,51.388069
0.015730,51.402502
0.004372,51.445233
-0.344885,51.572530
-0.328029,51.579665
-0.355655,51.609999
-0.310860,51.610622
-0.367452,51.579051
-0.294363,51.596086
-0.290609,51.607631
-0.295192,51.597087
-0.293393,51.594993
-0.323423,51.579329
-0.282199,51.585567
-0.381904,51.586624
-0.267644,51.600101
-0.357306,51.596264
-0.285238,51.585342
-0.299829,51.592748
-0.302977,51.593513
-0.371062,51.570918
-0.329524,51.593984
-0.295977,51.599256
-0.317268,51.581849
-0.341277,51.584439
-0.371431,51.572722
-0.336949,51.604160
-0.352661,51.572999
-0.341569,51.584353
-0.354418,51.564301
-0.356104,51.609556
-0.331403,51.613613
-0.338517,51.600765
-0.362768,51.617022
-0.348903,51.581129
-0.393028,51.598647
-0.361463,51.593085
-0.293537,51.594995
-0.348759,51.581127
-0.336255,51.631037
-0.284373,51.585329
-0.370981,51.577211
-0.332214,51.587548
-0.293409,51.621520
-0.312030,51.618012
-0.313290,51.619109
-0.335894,51.573752
-0.285467,51.594607
-0.356837,51.597247
-0.351329,51.581883
-0.382367,51.593914
-0.333461,51.577134
-0.371302,51.608598
-0.317380,51.594440
-0.320586,51.581896
-0.337470,51.593827
-0.316685,51.621047
-0.387550,51.586163
-0.297266,51.595678
-0.339661,51.608965
-0.357594,51.604271
-0.344168,51.604172
-0.328733,51.580124
-0.349451,51.609822
-0.370164,51.575851
-0.284462,51.590636
-0.297105,51.592259
-0.300444,51.607234
-0.374437,51.561253
-0.363251,51.583488
-0.271129,51.603389
-0.350385,51.592031
-0.277705,51.608971
-0.361141,51.585977
-0.340121,51.604295
-0.346871,51.569501
-0.371813,51.562026
-0.304816,51.594529
-0.295245,51.595649
-0.356519,51.598051
-0.273330,51.598656
-0.365541,51.563917
-0.339592,51.579199
-0.321014,51.593772
-0.312786,51.617124
-0.361144,51.585887
-0.342569,51.580680
-0.350096,51.603986
-0.374001,51.561337
-0.333602,51.577226
-0.359167,51.584690
-0.317429,51.600915
-0.371437,51.572542
-0.292969,51.621693
-0.355812,51.601638
-0.338877,51.579009
-0.240270,51.549966
-0.295397,51.553028
-0.283275,51.587651
-0.249776,51.554065
-0.279345,51.565563
-0.297211,51.535339
-0.316922,51.556036
-0.245502,51.556429
-0.223182,51.548000
-0.291192,51.553596
-0.193918,51.533075
-0.236338,51.532282
-0.202922,51.546073
-0.217164,51.558070
-0.297395,51.545863
-0.299038,51.540491
-0.224817,51.565290
-0.265629,51.565810
-0.262796,51.564420
-0.261813,51.541025
-0.228406,51.547180
-0.297489,51.535613
-0.213497,51.544885
-0.194836,51.539024
-0.294785,51.565518
-0.239349,51.551391
-0.226043,51.530058
-0.253417,51.560683
-0.299916,51.540145
-0.257650,51.544290
-0.250788,51.538973
-0.318288,51.558124
-0.197900,51.541769
-0.298739,51.540757
-0.231329,51.561072
-0.286713,51.553801
-0.198084,51.537096
-0.306003,51.539333
-0.248825,51.552522
-0.226220,51.566300
-0.252729,51.544757
-0.315943,51.555213
-0.252662,51.561571
-0.297627,51.535795
-0.296973,51.541720
-0.202230,51.545343
-0.216147,51.528739
-0.278384,51.564290
-0.267961,51.534821
-0.317358,51.555953
-0.196508,51.540489
-0.259102,51.562926
-0.225791,51.547680
-0.298753,51.551997
-0.214365,51.533748
-0.237979,51.545795
-0.282781,51.543312
-0.264457,51.532162
-0.217170,51.528395
-0.229131,51.547101
-0.272627,51.544872
-0.294298,51.574683
-0.206270,51.541628
-0.246494,51.556893
-0.265308,51.574258
-0.302388,51.562841
-0.259998,51.547023
-0.238795,51.547066
-0.278025,51.585236
-0.267310,51.593711
-0.225551,51.542730
-0.240630,51.533156
-0.285594,51.552885
-0.252501,51.558242
-0.273732,51.546147
-0.241193,51.548451
-0.285703,51.557653
-0.267238,51.542454
-0.218423,51.559078
-0.219632,51.553971
-0.306586,51.581875
-0.220366,51.549935
-0.297429,51.544964
-0.268773,51.543826
-0.219261,51.533912
-0.215979,51.551487
-0.262437,51.577633
-0.197451,51.589602
-0.218702,51.533454
-0.202230,51.545343
-0.228986,51.547098
-0.297777,51.547217
-0.240632,51.536843
-0.248325,51.535519
-0.288805,51.571096
-0.257128,51.561728
-0.263190,51.588165
-0.312301,51.552283
-0.278624,51.565552
-0.229131,51.547101
-0.224075,51.547294
-0.265745,51.585505
-0.193300,51.537742
-0.245505,51.556339
-0.253809,51.557992
-0.250932,51.538975
-0.207098,51.549913
-0.240490,51.547991
-0.297016,51.559885
-0.244142,51.535546
-0.236320,51.547659
-0.195532,51.539665
-0.240554,51.550060
-0.193715,51.538198
-0.259171,51.549798
-0.225698,51.542642
-0.301523,51.562828
-0.261663,51.552533
-0.298867,51.537342
-0.231584,51.547048
-0.257444,51.538352
-0.255622,51.540753
-0.313504,51.550951
-0.247165,51.535681
-0.257532,51.588890
-0.255271,51.561250
-0.294825,51.576040
-0.297349,51.535521
-0.260976,51.551623
-0.252665,51.561481
-0.272252,51.531917
-0.260296,51.539204
-0.244536,51.536541
-0.214509,51.555871
-0.249167,51.543625
-0.297864,51.548747
-0.281357,51.584925
-0.210624,51.548259
-0.278318,51.539290
-0.295000,51.571366
-0.282272,51.549150
-0.256507,51.551557
-0.213668,51.555229
-0.278689,51.563844
-0.262416,51.574395
-0.198031,51.538444
-0.202648,51.545709
-0.297737,51.552163
-0.294227,51.553460
-0.249861,51.559371
-0.297016,51.559885
-0.293935,51.553546
-0.226616,51.530157
-0.285091,51.585430
-0.264409,51.533420
-0.252448,51.544573
-0.208299,51.534015
-0.299185,51.552004
-0.298465,51.551993
-0.234511,51.542236
-0.297898,51.536249
-0.317560,51.581763
-0.237143,51.541286
-0.300509,51.539703
-0.272389,51.532099
-0.246709,51.532527
-0.268318,51.601369
-0.251744,51.544113
-0.194140,51.538384
-0.295441,51.586570
-0.246814,51.537295
-0.325346,51.558405
-0.299034,51.540581
-0.212554,51.554223
-0.275303,51.535109
0.105868,51.505504
0.045276,51.436343
0.074016,51.438716
0.045595,51.482111
0.078692,51.490971
0.081915,51.457371
0.071092,51.482203
0.092790,51.487393
0.107984,51.476419
-0.021144,51.474174
0.019340,51.477890
-0.008020,51.481236
0.111963,51.493974
0.007911,51.479975
0.016447,51.474342
0.035465,51.474553
0.020305,51.486686
0.056979,51.463027
0.091005,51.483018
0.065573,51.462066
0.030711,51.445319
0.054893,51.471067
0.068843,51.489797
0.080960,51.480679
0.051823,51.450797
-0.020864,51.473989
0.083054,51.457081
-0.007293,51.481403
0.040329,51.473839
0.019366,51.484994
0.018892,51.454696
0.050652,51.492094
0.066818,51.492800
0.066038,51.469163
0.002783,51.484559
0.062547,51.446023
0.103012,51.502948
0.013339,51.488784
0.012488,51.489069
0.047985,51.455091
0.017725,51.490238
0.041245,51.452421
0.076232,51.481213
-0.008164,51.481238
0.065907,51.482204
0.058730,51.450766
0.050894,51.455759
0.083068,51.492153
0.046095,51.451437
0.061470,51.470052
0.034946,51.488771
0.016827,51.463365
0.086535,51.489213
0.063478,51.434765
0.084821,51.480071
0.024355,51.487066
0.080567,51.491028
0.116447,51.494343
0.099240,51.499238
0.029597,51.475375
0.061377,51.493525
0.106455,51.477616
0.045202,51.492639
0.009964,51.490641
-0.008020,51.481236
0.053294,51.480358
0.024397,51.475015
0.024549,51.475192
0.083068,51.492153
0.069924,51.491396
0.052843,51.492776
0.037180,51.474254
0.070208,51.491301
0.023144,51.482500
0.099340,51.485747
0.041543,51.491354
0.028605,51.453000
0.005697,51.485318
0.053831,51.437812
0.026851,51.475152
0.009314,51.472576
0.050104,51.457392
0.082583,51.490992
0.078609,51.451134
0.048183,51.472354
0.092781,51.487213
0.077870,51.438018
0.069158,51.436284
0.050684,51.460709
0.030579,51.445591
0.072872,51.483340
-0.015291,51.472996
0.034802,51.488774
0.082628,51.491981
0.028405,51.487445
0.061521,51.493523
0.018861,51.476819
0.003282,51.472949
0.062733,51.488465
0.114755,51.507593
0.055620,51.487241
0.050898,51.455849
0.045992,51.455575
0.054084,51.469103
0.034942,51.488681
0.063844,51.493931
0.101699,51.499464
0.069477,51.487897
0.057128,51.434337
0.002734,51.473588
0.046921,51.492429
0.055512,51.488053
0.102490,51.485331
0.069595,51.490503
0.015836,51.473544
0.042102,51.442603
0.014319,51.488138
0.062913,51.438192
0.094784,51.486908
0.101847,51.499551
0.008688,51.491112
0.046917,51.434426
0.074764,51.458397
0.026591,51.453035
0.072523,51.481998
0.029990,51.467994
0.106484,51.450097
0.150305,51.463780
0.184323,51.449572
0.142085,51.478859
0.102527,51.432902
0.179820,51.481940
0.132442,51.463567
0.149362,51.455974
0.166774,51.458891
0.126038,51.489942
0.093282,51.438373
0.106747,51.424553
0.123047,51.481364
0.125894,51.489945
0.156346,51.454496
0.103378,51.451412
0.105277,51.470803
0.136198,51.445333
0.109327,51.449327
0.147282,51.448458
0.117465,51.447921
0.122323,51.481287
0.102472,51.444234
0.088818,51.428831
0.133423,51.466067
0.127105,51.432369
0.180229,51.478426
0.158936,51.472794
0.091733,51.451710
0.118734,51.447358
0.110777,51.449570
0.147416,51.457448
0.127014,51.414924
0.167147,51.463740
0.110486,51.461986
0.151815,51.453051
0.152437,51.447913
0.110291,51.467115
0.158936,51.472794
0.123982,51.448792
0.110202,51.449581
0.120755,51.431944
0.108157,51.452046
0.122842,51.452140
0.121690,51.449014
0.098685,51.418133
0.104068,51.466418
0.143336,51.484052
0.095188,51.436001
0.100609,51.431857
0.127347,51.496394
0.098038,51.463648
0.102041,51.444242
0.101179,51.428610
0.127933,51.462570
0.107914,51.462392
0.155411,51.459100
0.154865,51.447509
0.147420,51.491261
0.103226,51.451235
0.179361,51.478352
0.139914,51.463251
0.127421,51.448460
0.121082,51.494888
0.099707,51.443564
0.157802,51.467060
0.105201,51.462890
0.149501,51.455881
0.151968,51.453228
0.135009,51.426020
0.132933,51.464817
0.105053,51.462803
0.142376,51.500437
0.182407,51.463727
0.125773,51.459461
0.109314,51.449057
0.121134,51.492909
0.121028,51.493720
0.145179,51.477274
0.138506,51.448528
0.142590,51.452770
0.102527,51.432902
0.129649,51.490147
0.102905,51.450521
0.167228,51.492786
0.098980,51.443397
0.114652,51.424410
0.180979,51.473016
-0.218785,51.571943
-0.159176,51.615085
-0.196301,51.589494
-0.269277,51.636903
-0.254083,51.622380
-0.255423,51.591197
-0.190666,51.615035
-0.221066,51.587444
-0.199948,51.584874
-0.199471,51.589633
-0.200098,51.588383
-0.275768,51.614338
-0.185196,51.618188
-0.148154,51.601963
-0.175699,51.649694
-0.151998,51.606880
-0.181731,51.600060
-0.250127,51.586262
-0.251250,51.587088
-0.232082,51.571424
-0.175326,51.630175
-0.228836,51.588101
-0.164125,51.589085
-0.259927,51.594231
-0.167706,51.593367
-0.262304,51.596245
-0.194557,51.600708
-0.175801,51.611119
-0.167956,51.583570
-0.240244,51.602930
-0.227167,51.582771
-0.272772,51.628592
-0.245094,51.600755
-0.227730,51.583139
-0.193633,51.649432
-0.160531,51.620862
-0.200255,51.573458
-0.162522,51.610911
-0.212476,51.563574
-0.227442,51.571984
-0.249194,51.595511
-0.202299,51.645968
-0.133195,51.632210
-0.254516,51.622387
-0.194988,51.567982
-0.161843,51.627716
-0.220536,51.597328
-0.139739,51.610013
-0.207090,51.634441
-0.217720,51.584426
-0.265605,51.611940
-0.194908,51.602781
-0.147130,51.620022
-0.213063,51.567000
-0.241034,51.578753
-0.187157,51.597986
-0.176787,51.618957
-0.263325,51.603544
-0.245381,51.582055
-0.148504,51.628856
-0.175799,51.643581
-0.200723,51.572566
-0.168751,51.603275
-0.227563,51.591139
-0.223531,51.598272
-0.264679,51.602125
-0.164118,51.642949
-0.196562,51.571963
-0.271381,51.608159
-0.183281,51.579312
-0.218705,51.577697
-0.166948,51.626537
-0.142886,51.603678
-0.219274,51.570511
-0.164081,51.647445
-0.175029,51.612365
-0.205808,51.659600
-0.174119,51.602640
-0.232082,51.571424
-0.200041,51.589821
-0.185390,51.613335
-0.256672,51.615135
-0.203614,51.561460
-0.166872,51.646319
-0.188840,51.595584
-0.277363,51.614182
-0.197059,51.559381
-0.275724,51.615506
-0.168608,51.624765
-0.196922,51.559199
-0.200189,51.589734
-0.249021,51.584987
-0.257800,51.600764
-0.240385,51.603022
-0.176635,51.619135
-0.195700,51.571860
-0.226892,51.582407
-0.286390,51.616112
-0.198674,51.595196
-0.205945,51.659782
-0.214898,51.652724
-0.180469,51.581067
-0.240752,51.604736
-0.216186,51.575680
-0.174676,51.649948
-0.188607,51.630470
-0.219975,51.574748
-0.176834,51.617789
-0.175262,51.649777
-0.211313,51.582170
-0.235422,51.630464
-0.254436,51.601883
-0.200543,51.562492
-0.268031,51.608919
-0.197022,51.589505
-0.175766,51.626405
-0.216186,51.575680
-0.211804,51.558618
-0.205862,51.588651
-0.224711,51.564299
-0.155059,51.613312
-0.240897,51.578571
-0.226920,51.581688
-0.221762,51.650940
-0.241626,51.626960
-0.172192,51.643435
-0.199026,51.662913
-0.255431,51.621141
-0.176675,51.621743
-0.254237,51.625890
-0.263991,51.631519
-0.198025,51.589700
-0.218163,51.584163
-0.214350,51.574663
-0.151565,51.613977
-0.199200,51.581895
-0.178219,51.612055
-0.161991,51.627629
-0.218012,51.576967
-0.228533,51.588456
-0.231358,51.586341
-0.212376,51.580838
-0.162049,51.640489
-0.230644,51.586150
-0.187259,51.570021
-0.263985,51.597619
-0.171994,51.630393
-0.199950,51.588471
-0.212387,51.609973
-0.196589,51.589499
-0.199002,51.659855
-0.263561,51.631423
-0.287553,51.623593
-0.269199,51.608576
-0.195791,51.573210
-0.164229,51.590076
-0.215222,51.585557
-0.205599,51.609959
-0.270583,51.621545
-0.199847,51.591077
-0.176000,51.613370
-0.176816,51.618238
-0.254434,51.643337
-0.260971,51.600901
-0.229419,51.573093
-0.216840,51.577399
-0.200281,51.653131
-0.151854,51.606877
-0.219430,51.584991
-0.175792,51.632970
-0.144130,51.615658
-0.165127,51.650159
-0.258734,51.610310
-0.231940,51.578796
-0.152842,51.607432
-0.237506,51.580408
-0.172417,51.601894
-0.217280,51.577225
-0.277813,51.621382
-0.216337,51.564442
-0.253131,51.620837
-0.182531,51.630646
-0.214924,51.556327
-0.254464,51.623735
-0.233256,51.630431
-0.272546,51.607906
-0.201701,51.653782
-0.159418,51.612661
-0.253983,51.621210
-0.193071,51.601764
-0.207536,51.593803
-0.254482,51.623285
-0.171077,51.617250
-0.229231,51.577946
-0.257656,51.600762
-0.275724,51.615506
-0.255233,51.599917
-0.175680,51.632159
-0.219032,51.573026
-0.182246,51.630552
-0.265426,51.612837
-0.234541,51.582432
-0.258349,51.609045
-0.258349,51.609045
-0.227150,51.572069
-0.213132,51.657194
-0.208768,51.569812
-0.210475,51.559407
0.164820,51.581769
0.117343,51.616178
0.204031,51.521057
-0.367734,51.482478
-0.336478,51.482578
-0.073985,51.481169
-0.138487,51.541741
0.047635,51.472993
-0.147375,51.461309
0.167192,51.573992
0.014653,51.472845
-0.332873,51.482707
-0.129281,51.432065
0.184133,51.511897
-0.191066,51.586806
-0.077170,51.532119
-0.262511,51.492387
-0.183740,51.517091
-0.112650,51.476042
-0.420863,51.524570
-0.053365,51.633791
-0.168150,51.427823
-0.018186,51.678345
-0.299705,51.538073
-0.210677,51.517505
-0.166471,51.444613
-0.333157,51.439368
-0.357840,51.453205
-0.341146,51.405490
-0.362082,51.439236
-0.266116,51.469509
-0.298099,51.465122
-0.342434,51.449391
-0.276529,51.464447
-0.316351,51.454235
-0.296640,51.450173
-0.305556,51.458126
-0.291563,51.466646
-0.289034,51.461123
-0.229302,51.468330
-0.336949,51.453810
-0.267289,51.434726
-0.362273,51.429887
-0.372704,51.415644
-0.289334,51.468501
-0.310449,51.419169
-0.288491,51.467950
-0.330000,51.435186
-0.278960,51.468709
-0.268392,51.474039
-0.286523,51.420531
-0.276641,51.469125
-0.377989,51.449169
-0.288732,51.465345
-0.300383,51.446271
-0.239266,51.475044
-0.322661,51.454865
-0.288163,51.469024
-0.265430,51.464823
-0.313988,51.424616
-0.352088,51.433071
-0.358179,51.451771
-0.345797,51.431993
-0.354131,51.448297
-0.340696,51.406023
-0.304763,51.436802
-0.365501,51.444230
-0.277255,51.464278
-0.272916,51.468620
-0.319340,51.451220
-0.346392,51.407542
-0.354780,51.454241
-0.329230,51.448394
-0.329818,51.455956
-0.286911,51.483214
-0.287926,51.467672
-0.266622,51.467538
-0.279316,51.474560
-0.279898,51.466745
-0.295516,51.449438
-0.298383,51.461349
-0.363178,51.424684
-0.355759,51.427008
-0.382110,51.409929
-0.272511,51.464118
-0.256636,51.465142
-0.232493,51.486363
-0.350694,51.435839
-0.372801,51.445320
-0.335533,51.445247
-0.376815,51.437642
-0.304383,51.447048
-0.330924,51.445361
-0.335180,51.443083
-0.314707,51.416803
-0.310881,51.411352
-0.255998,51.470528
-0.334961,51.421409
-0.288541,51.466601
-0.324187,51.428899
-0.286336,51.421697
-0.330694,51.455609
-0.408575,51.455253
-0.405656,51.485338
-0.394894,51.471882
-0.251357,51.490242
-0.361303,51.477083
-0.380037,51.484807
-0.305477,51.483573
-0.371174,51.466789
-0.252409,51.492866
-0.390216,51.473886
-0.324829,51.482143
-0.404636,51.477411
-0.374943,51.461986
-0.407724,51.483837
-0.372363,51.477866
-0.412277,51.448110
-0.265099,51.492515
-0.422152,51.466407
-0.384367,51.476414
-0.385393,51.463659
-0.402206,51.443926
-0.407005,51.471418
-0.264235,51.492502
-0.405697,51.471760
-0.274700,51.482405
-0.410373,51.457346
-0.388713,51.483847
-0.315699,51.495411
-0.384367,51.476414
-0.368957,51.468377
-0.383445,51.433238
-0.419945,51.438591
-0.410373,51.457346
-0.339775,51.475072
-0.364692,51.466879
-0.331242,51.464250
-0.393038,51.442722
-0.377054,51.463364
-0.406024,51.437594
-0.362812,51.463076
-0.404566,51.450523
-0.409182,51.479181
-0.304909,51.491119
-0.323988,51.481501
-0.325964,51.482609
-0.379672,51.482913
-0.377284,51.436570
-0.290171,51.488477
-0.407859,51.484109
-0.267299,51.487691
-0.250812,51.489425
-0.303754,51.491192
-0.396020,51.460298
-0.414393,51.461807
-0.338970,51.469485
-0.292508,51.491478
-0.326660,51.483248
-0.370549,51.480269
-0.330759,51.457768
-0.328622,51.468978
-0.323557,51.477539
-0.339757,51.491437
-0.255443,51.492641
-0.364837,51.478931
-0.392670,51.461421
-0.267396,51.492729
-0.252409,51.492866
-0.259871,51.482276
-0.384811,51.463831
-0.396420,51.461202
-0.324600,51.468741
-0.418555,51.441360
-0.378403,51.490270
-0.368014,51.470612
-0.281974,51.491954
-0.260687,51.491101
-0.367281,51.470962
-0.373089,51.477697
-0.439375,51.451081
-0.364405,51.478925
-0.384066,51.476769
-0.378882,51.436142
-0.389954,51.493576
-0.285939,51.501454
-0.273894,51.488508
-0.304471,51.491292
-0.385936,51.472749
-0.404630,51.477590
-0.406797,51.498032
-0.283277,51.491793
-0.347792,51.472397
-0.410616,51.479380
-0.409089,51.498423
-0.421111,51.438157
-0.313228,51.488181
-0.407583,51.483745
-0.410957,51.490266
-0.409424,51.497079
-0.427042,51.453974
-0.313660,51.488187
-0.305482,51.491217
-0.408463,51.470898
-0.391625,51.441983
-0.385939,51.472659
-0.406506,51.498118
-0.386790,51.473030
-0.396511,51.475052
-0.419934,51.455587
-0.291055,51.491817
-0.410750,51.479652
-0.411267,51.444049
-0.373492,51.458279
-0.390336,51.478654
-0.328766,51.468980
-0.364171,51.465343
-0.364552,51.478837
-0.386646,51.473028
-0.245334,51.493300
-0.247353,51.493240
-0.410410,51.443858
-0.328371,51.483722
-0.298712,51.491209
-0.372226,51.457452
-0.327233,51.483346
-0.385936,51.472749
-0.253208,51.487033
-0.347716,51.482467
-0.252917,51.487118
-0.327089,51.483344
-0.381227,51.483744
-0.356705,51.472792
-0.400286,51.445339
-0.391049,51.437929
-0.334872,51.475272
-0.445919,51.453326
-0.424182,51.440897
-0.367956,51.468183
-0.381332,51.464502
-0.347936,51.472399
-0.381675,51.483301
-0.283592,51.491078
-0.267252,51.492726
-0.387219,51.473126
-0.281978,51.491864
-0.389925,51.473972
-0.364552,51.478837
-0.302237,51.489371
-0.328910,51.468982
-0.301099,51.485129
-0.410750,51.479652
-0.304702,51.492824
-0.388156,51.462888
-0.282718,51.491335
-0.423703,51.454828
-0.387219,51.473126
-0.421094,51.455333
-0.267499,51.493809
-0.335176,51.486696
-0.245330,51.493390
-0.352769,51.462126
-0.428781,51.453637
-0.288105,51.489795
-0.254007,51.481200
-0.370291,51.459224
-0.371266,51.488462
-0.260506,51.492087
-0.283692,51.492249
-0.390323,51.429915
-0.297743,51.374023
-0.296529,51.410605
-0.280966,51.415324
-0.309284,51.361061
-0.280297,51.406321
-0.287783,51.382960
-0.267101,51.409274
-0.305218,51.408932
-0.319262,51.339623
-0.304405,51.403705
-0.287640,51.382958
-0.277469,51.382090
-0.289513,51.409783
-0.255443,51.398220
-0.257321,51.386648
-0.279879,51.405955
-0.252632,51.385229
-0.286164,51.414770
-0.263422,51.384940
-0.311018,51.392020
-0.291043,51.388044
-0.290695,51.424368
-0.286813,51.374313
-0.254814,51.395873
-0.304028,51.406128
-0.248130,51.439117
-0.290005,51.412039
-0.255800,51.426642
-0.318482,51.341320
-0.299070,51.419634
-0.303926,51.412781
-0.288794,51.417506
-0.280700,51.410913
-0.275233,51.384215
-0.291482,51.410981
-0.304060,51.366381
-0.275793,51.403737
-0.267933,51.398675
-0.302762,51.409257
-0.309467,51.391189
-0.274726,51.420627
-0.307629,51.363106
-0.286160,51.414860
-0.305216,51.412889
-0.253583,51.390459
-0.311616,51.356239
-0.261427,51.399658
-0.301489,51.416432
-0.241348,51.402146
-0.268423,51.400931
-0.267459,51.415035
-0.255724,51.398404
-0.295970,51.394680
-0.277766,51.381824
-0.305970,51.392487
-0.261641,51.416747
-0.281782,51.378196
-0.301697,51.422460
-0.299528,51.387898
-0.295272,51.359329
-0.304028,51.406128
-0.256702,51.402915
-0.301926,51.408525
-0.300750,51.409227
-0.255484,51.397142
-0.262502,51.409206
-0.292829,51.409562
-0.305658,51.389245
-0.139124,51.405783
-0.200282,51.419148
-0.177128,51.411866
-0.184787,51.389144
-0.229818,51.410336
-0.198503,51.387557
-0.141735,51.401688
-0.207823,51.421242
-0.150843,51.403990
-0.132498,51.399023
-0.209233,51.410922
-0.157148,51.415241
-0.199109,51.390444
-0.178380,51.416562
-0.159932,51.399637
-0.203498,51.392130
-0.141296,51.401861
-0.201903,51.414497
-0.188787,51.389745
-0.174424,51.421986
-0.168412,51.403277
-0.210403,51.410401
-0.162865,51.408946
-0.244391,51.412803
-0.241044,51.402591
-0.204612,51.418765
-0.164494,51.389817
-0.182678,51.387942
-0.227274,51.424056
-0.135199,51.399786
-0.204638,51.425420
-0.192465,51.409496
-0.141440,51.401863
-0.243617,51.399213
-0.158877,51.393685
-0.242574,51.400186
-0.201709,51.419440
-0.204992,51.405372
-0.174723,51.421721
-0.177213,51.406112
-0.152193,51.416871
-0.146066,51.394113
-0.195671,51.401092
-0.186313,51.415965
-0.213092,51.415208
-0.192580,51.410217
-0.160945,51.399473
-0.175923,51.420480
-0.186784,51.389534
-0.197513,51.438350
-0.206579,51.412590
-0.177274,51.419062
-0.191920,51.405081
-0.166857,51.402623
-0.188077,51.422287
-0.207966,51.421244
-0.178806,51.413061
-0.156239,51.416395
-0.162887,51.404809
-0.141262,51.399163
-0.147274,51.399797
-0.161626,51.411174
-0.177417,51.419065
-0.202352,51.410367
-0.217993,51.422296
-0.194454,51.432008
-0.223521,51.416985
-0.243905,51.399217
-0.129499,51.398526
-0.207397,51.402711
-0.167288,51.402630
-0.158956,51.395305
-0.181339,51.399971
-0.224444,51.433995
-0.198805,51.434773
-0.232731,51.409391
-0.192799,51.415616
-0.194634,51.401886
-0.178470,51.417912
-0.229895,51.408359
-0.184267,51.431311
-0.193950,51.419231
-0.153530,51.415813
-0.150635,51.412710
-0.153475,51.406460
-0.175923,51.420480
-0.197614,51.417489
-0.229523,51.406824
-0.168121,51.406960
-0.207897,51.411981
-0.242878,51.399741
-0.191173,51.427641
-0.161859,51.416124
-0.151182,51.409841
-0.186604,51.390431
-0.239990,51.403834
-0.161966,51.417025
-0.188791,51.389655
-0.178688,51.412430
-0.191844,51.403371
-0.196656,51.401647
-0.190106,51.451005
-0.171329,51.459886
-0.213218,51.437781
-0.191873,51.453640
-0.202525,51.449937
-0.216931,51.460678
-0.147739,51.452322
-0.164833,51.471115
-0.186159,51.445279
-0.154416,51.433093
-0.159779,51.428501
-0.155253,51.433736
-0.170893,51.441984
-0.149889,51.427626
-0.147722,51.474083
-0.168563,51.478637
-0.172042,51.424017
-0.163953,51.424880
-0.212173,51.453502
-0.147669,51.471834
-0.209516,51.458857
-0.170631,51.462933
-0.161575,51.441119
-0.185576,51.434569
-0.168089,51.443739
-0.214134,51.465941
-0.171250,51.469057
-0.197497,51.442396
-0.219428,51.455681
-0.159275,51.451784
-0.199288,51.448089
-0.197188,51.453902
-0.159929,51.435518
-0.154919,51.456302
-0.208084,51.462342
-0.172207,51.459540
-0.184799,51.461444
-0.186879,51.438006
-0.145554,51.477826
-0.214474,51.464598
-0.173929,51.423597
-0.172530,51.462243
-0.154711,51.443619
-0.167125,51.460630
-0.185325,51.433665
-0.171861,51.460973
-0.162726,51.433943
-0.215808,51.463629
-0.188019,51.438293
-0.216745,51.461755
-0.187946,51.461943
-0.162431,51.434118
-0.147736,51.452412
-0.172678,51.462155
-0.158750,51.436219
-0.204218,51.439802
-0.165512,51.472115
-0.181573,51.437564
-0.148232,51.418787
-0.189637,51.448300
-0.148180,51.448552
-0.156094,51.434288
-0.158744,51.464995
-0.151433,51.432147
-0.166859,51.452892
-0.157511,51.474148
-0.147844,51.442611
-0.158304,51.436571
-0.166818,51.471866
-0.210653,51.459234
-0.168297,51.427735
-0.218955,51.456752
-0.243970,51.465043
-0.172002,51.461066
-0.217366,51.460595
-0.162571,51.466494
-0.197899,51.457780
-0.165214,51.425709
-0.170434,51.478666
-0.163668,51.464263
-0.159126,51.423275
-0.186079,51.461824
-0.212485,51.463938
-0.175667,51.441339
-0.243064,51.458645
-0.140352,51.425137
-0.180030,51.465507
-0.171971,51.429411
-0.139702,51.480071
-0.166349,51.429683
-0.235502,51.464376
-0.186356,51.462098
-0.210562,51.454197
-0.161318,51.451097
-0.154352,51.441815
-0.158162,51.429375
-0.214664,51.452371
-0.161348,51.461079
-0.234538,51.444579
-0.171264,51.447116
-0.148478,51.448287
-0.168139,51.428092
-0.164229,51.425154
-0.177318,51.464925
-0.168858,51.471268
-0.198050,51.457602
-0.173472,51.449488
-0.168143,51.428003
-0.149603,51.448934
-0.165602,51.430391
-0.222694,51.453122
-0.243892,51.463333
-0.149015,51.477701
-0.208229,51.454970
-0.165387,51.460872
-0.175788,51.431089
-0.179732,51.465772
-0.146721,51.431263
-0.173965,51.429892
-0.192903,51.456713
-0.152616,51.470564
-0.148695,51.478505
-0.171861,51.460973
-0.167162,51.427358
-0.158750,51.436219
-0.242275,51.441727
-0.161881,51.437077
-0.148813,51.472032
-0.140223,51.481429
-0.174229,51.466586
-0.172909,51.470792
-0.162434,51.466312
-0.161875,51.473047
-0.186313,51.434130
-0.174198,51.424050
-0.173415,51.461717
-0.161248,51.434909
-0.173752,51.449672
-0.162014,51.437349
-0.139989,51.430527
-0.185285,51.434654
-0.222301,51.448440
-0.229299,51.457269
-0.165152,51.430833
-0.152241,51.444209
-0.163956,51.424790
-0.222992,51.449170
-0.246110,51.454284
-0.170268,51.457621
-0.166822,51.471776
-0.244251,51.465227
-0.243210,51.451093
-0.160853,51.473391
-0.148338,51.473104
-0.163945,51.432253
-0.215544,51.448248
-0.157223,51.474143
-0.190246,51.451097
-0.163672,51.424695
-0.160662,51.435169
-0.199032,51.447276
-0.180030,51.465507
-0.203271,51.456603
-0.196696,51.455423
-0.173415,51.461717
-0.162877,51.433765
-0.140417,51.430623
-0.173962,51.429982
-0.191033,51.442117
-0.180030,51.465507
-0.185236,51.457674
-0.223448,51.448548
-0.203570,51.456338
-0.199814,51.449356
-0.157114,51.437542
-0.162749,51.472791
-0.167060,51.455053
-0.165509,51.472205
-0.150033,51.427628
-0.182330,51.432990
-0.137186,51.481740
-0.228641,51.463104
-0.161551,51.430957
-0.153851,51.432814
-0.248284,51.438850
-0.148591,51.477514
-0.190598,51.449484
-0.224543,51.438852
-0.152664,51.476499
-0.211166,51.457173
-0.242789,51.450817
-0.243892,51.463333
-0.161738,51.429881
-0.216215,51.460578
-0.161247,51.420611
-0.166278,51.427884
-0.198373,51.445737
-0.167863,51.427818
-0.160610,51.425726
-0.346433,51.541798
-0.319157,51.514974
-0.383553,51.499423
-0.329866,51.533471
-0.331632,51.528550
-0.317667,51.508478
-0.392650,51.535697
-0.390168,51.499784
-0.369957,51.492850
-0.298739,51.513690
-0.322305,51.519515
-0.306583,51.504272
-0.370052,51.546715
-0.319843,51.535486
-0.255326,51.507027
-0.349580,51.538516
-0.253467,51.506640
-0.392212,51.499002
-0.347052,51.508806
-0.308138,51.512837
-0.371856,51.532532
-0.255741,51.496153
-0.379958,51.511423
-0.370654,51.546004
-0.249149,51.514039
-0.323831,51.552538
-0.375928,51.511277
-0.254897,51.514485
-0.370906,51.510668
-0.390325,51.536204
-0.310463,51.512331
-0.369921,51.538261
-0.370792,51.546186
-0.352436,51.527315
-0.278712,51.502067
-0.268966,51.508309
-0.300276,51.499504
-0.367657,51.516917
-0.277214,51.526505
-0.352106,51.528480
-0.260301,51.512587
-0.315379,51.500172
-0.267925,51.528166
-0.288903,51.503116
-0.245382,51.507059
-0.378907,51.500438
-0.357933,51.502754
-0.372455,51.515725
-0.266551,51.503597
-0.377249,51.502483
-0.381382,51.544444
-0.378367,51.507534
-0.273311,51.507743
-0.320643,51.533339
-0.369029,51.494636
-0.377419,51.542321
-0.354620,51.526717
-0.292902,51.531050
-0.390175,51.536382
-0.285236,51.500994
-0.327421,51.509696
-0.323800,51.510184
-0.368908,51.518194
-0.370939,51.546098
-0.310023,51.532018
-0.314091,51.511664
-0.298377,51.500196
-0.347559,51.538577
-0.249291,51.506578
-0.271112,51.504923
-0.263574,51.521268
-0.372487,51.510780
-0.355855,51.528443
-0.392665,51.547566
-0.344637,51.535658
-0.388936,51.510198
-0.270555,51.512019
-0.370795,51.546096
-0.354947,51.517639
-0.261587,51.509099
-0.321793,51.533445
-0.339447,51.551501
-0.377435,51.505363
-0.349702,51.527187
-0.319997,51.535218
-0.376025,51.532860
-0.291677,51.521411
-0.305897,51.511096
-0.345529,51.542865
-0.350563,51.527289
-0.291670,51.521590
-0.291460,51.511786
-0.347273,51.534527
-0.390024,51.536560
-0.271171,51.507172
-0.318927,51.532955
-0.278504,51.526703
-0.279499,51.534721
-0.379244,51.511233
-0.371279,51.532524
-0.319594,51.510933
-0.360224,51.555301
-0.340942,51.494511
-0.359835,51.509974
-0.316700,51.511251
-0.383409,51.499421
-0.323649,51.502539
-0.291697,51.520871
-0.376104,51.510380
-0.297818,51.530672
-0.268865,51.529979
-0.379058,51.532722
-0.295402,51.533605
-0.345824,51.542689
-0.376125,51.542213
-0.351962,51.528478
-0.375474,51.515947
-0.268020,51.506676
-0.378190,51.532800
-0.340121,51.548813
-0.268550,51.515496
-0.280669,51.526645
-0.376789,51.511379
-0.280099,51.526457
-0.375054,51.507488
-0.391920,51.535956
-0.363587,51.550042
-0.345615,51.544485
-0.286775,51.509919
-0.379817,51.511331
-0.280551,51.502994
-0.376258,51.510113
-0.381248,51.511620
-0.368876,51.515046
-0.375846,51.541940
-0.384147,51.494845
-0.303594,51.522663
-0.374037,51.544163
-0.320029,51.510850
-0.372861,51.544776
-0.340090,51.521926
-0.374818,51.522232
-0.295100,51.530093
-0.329300,51.509543
-0.355952,51.509740
-0.393171,51.496318
-0.387413,51.500285
-0.325463,51.496270
-0.296394,51.530202
-0.352433,51.527405
-0.276706,51.501768
-0.295405,51.533515
-0.377246,51.543128
-0.287769,51.510293
-0.377611,51.500420
-0.344805,51.538988
-0.316356,51.540112
-0.266472,51.517084
-0.259901,51.534432
-0.292513,51.529876
-0.292127,51.513234
-0.334125,51.515547
-0.252659,51.523983
-0.308269,51.513198
-0.364435,51.522358
-0.376625,51.499777
-0.291406,51.517090
-0.381677,51.511716
-0.373323,51.527787
-0.334387,51.508357
-0.369459,51.547156
-0.342638,51.527177
-0.339713,51.508522
-0.314379,51.511668
-0.254623,51.506567
-0.351088,51.552655
-0.345918,51.536126
-0.382766,51.501300
-0.327698,51.533620
-0.319524,51.512821
-0.356252,51.505428
-0.261777,51.523040
-0.300035,51.509842
-0.274543,51.528534
-0.325885,51.496546
-0.248219,51.530751
-0.371080,51.546190
-0.251496,51.528013
-0.316199,51.532646
-0.329712,51.533738
-0.278853,51.502159
-0.321069,51.541348
-0.378521,51.507267
-0.372343,51.531010
-0.385900,51.502333
-0.247910,51.531286
-0.346799,51.535689
-0.297346,51.516278
-0.320469,51.534146
-0.263808,51.522710
-0.274731,51.508304
-0.290914,51.510969
-0.443390,51.540337
-0.423975,51.501232
-0.417935,51.579922
-0.438962,51.614913
-0.481160,51.544969
-0.471891,51.559056
-0.474007,51.543257
-0.453411,51.495689
-0.411595,51.534066
-0.395655,51.511729
-0.465512,51.495668
-0.482669,51.534288
-0.450413,51.541599
-0.467378,51.517363
-0.458871,51.560144
-0.481936,51.530322
-0.436137,51.608851
-0.415334,51.496979
-0.401883,51.514961
-0.423131,51.504817
-0.482403,51.537971
-0.433377,51.525367
-0.406093,51.505846
-0.390978,51.525872
-0.435619,51.497791
-0.449055,51.551832
-0.450262,51.541777
-0.432523,51.583804
-0.390843,51.525601
-0.441380,51.480962
-0.401266,51.516121
-0.492132,51.483514
-0.457888,51.491072
-0.476656,51.545989
-0.432176,51.480570
-0.481578,51.528069
-0.401686,51.516487
-0.404696,51.508705
-0.417235,51.521104
-0.410170,51.570825
-0.440192,51.528425
-0.393850,51.517998
-0.481641,51.543536
-0.417376,51.521196
-0.480063,51.530297
-0.435747,51.502468
-0.471181,51.507072
-0.391442,51.524979
-0.409894,51.599416
-0.422534,51.572161
-0.459219,51.494326
-0.446748,51.602607
-0.445306,51.530651
-0.453031,51.498381
-0.428750,51.576021
-0.443733,51.564081
-0.426238,51.498295
-0.447771,51.530234
-0.433956,51.529511
-0.481653,51.543177
-0.445073,51.529030
-0.401683,51.516577
-0.487692,51.543704
-0.443834,51.518852
-0.425642,51.549003
-0.412191,51.492081
-0.446323,51.560069
-0.398593,51.510150
-0.402175,51.514875
-0.475205,51.546240
-0.385787,51.562579
-0.460285,51.501175
-0.393815,51.547672
-0.396566,51.514529
-0.446655,51.495240
-0.475220,51.515577
-0.425544,51.501703
-0.453249,51.487684
-0.452424,51.537579
-0.412509,51.574094
-0.475787,51.515854
-0.402951,51.513267
-0.431294,51.506276
-0.399988,51.548476
-0.380435,51.558908
-0.401271,51.561262
-0.471461,51.537469
-0.393959,51.547674
-0.420432,51.503702
-0.476749,51.547519
-0.414209,51.579152
-0.453768,51.493625
-0.450407,51.541779
-0.464517,51.610934
-0.470979,51.551850
-0.410951,51.585672
-0.421223,51.522506
-0.473186,51.559163
-0.433804,51.487695
-0.390706,51.525419
-0.446130,51.481025
-0.485723,51.494402
-0.419849,51.499738
-0.390142,51.525051
-0.462554,51.497967
-0.426034,51.575265
-0.472852,51.513119
-0.403821,51.517235
-0.408672,51.522786
-0.411202,51.578482
-0.398257,51.577227
-0.459997,51.535341
-0.406828,51.517816
-0.469765,51.575124
-0.481871,51.540931
-0.430160,51.497358
-0.421183,51.502813
-0.412841,51.523113
-0.410116,51.518580
-0.482366,51.534733
-0.396547,51.515068
-0.400687,51.516203
-0.448059,51.530238
-0.471907,51.605905
-0.396734,51.575408
-0.444187,51.563458
-0.452752,51.498108
-0.443107,51.480985
-0.406206,51.548021
-0.451363,51.505104
-0.390136,51.525231
-0.406170,51.524281
-0.449547,51.511914
-0.413258,51.519431
-0.415639,51.508943
-0.471568,51.517058
-0.390145,51.524962
-0.446725,51.565200
-0.425049,51.574532
-0.109750,51.612232
-0.043152,51.666264
-0.133567,51.616120
-0.076247,51.687224
-0.093046,51.635162
-0.040018,51.671877
-0.075271,51.652227
-0.115082,51.619511
-0.145234,51.645260
-0.088359,51.616022
-0.075865,51.627957
-0.085176,51.616150
-0.047428,51.657613
-0.086755,51.612938
-0.054118,51.633084
-0.133125,51.633918
-0.055335,51.668804
-0.052402,51.683234
-0.099675,51.663236
-0.107331,51.618308
-0.092241,51.637127
-0.050943,51.680152
-0.048233,51.682625
-0.043071,51.648008
-0.064258,51.625698
-0.122863,51.612982
-0.042524,51.657351
-0.069526,51.634328
-0.136379,51.610949
-0.134826,51.617129
-0.052923,51.613731
-0.054603,51.611600
-0.032670,51.644507
-0.027901,51.671135
-0.121568,51.612871
-0.047169,51.680449
-0.081384,51.644414
-0.135650,51.611117
-0.032951,51.644692
-0.067555,51.663701
-0.066031,51.614577
-0.100400,51.614778
-0.048065,51.666346
-0.050423,51.672050
-0.035163,51.677101
-0.058750,51.659958
-0.047230,51.658868
-0.040794,51.670631
-0.041167,51.628463
-0.102286,51.611122
-0.057044,51.649139
-0.086927,51.615729
-0.048229,51.682715
-0.064120,51.615355
-0.106552,51.612720
-0.032655,51.644866
-0.060362,51.649284
-0.040205,51.634022
-0.109029,51.612220
-0.093862,51.653610
-0.082015,51.615738
-0.109089,51.617706
-0.068981,51.664174
-0.079316,51.652293
-0.096743,51.615888
-0.071842,51.627442
-0.064342,51.610143
-0.116675,51.612433
-0.040978,51.612723
-0.129126,51.632775
-0.037875,51.647831
-0.033530,51.671409
-0.106523,51.620363
-0.102794,51.623180
-0.077708,51.662968
-0.153267,51.657436
-0.062638,51.619647
-0.071308,51.636605
-0.049523,51.676172
-0.099035,51.626716
-0.064447,51.614461
-0.087007,51.651610
-0.062471,51.640506
-0.126120,51.632098
-0.064968,51.612401
-0.059231,51.682537
-0.057686,51.613810
-0.041319,51.628285
-0.078103,51.629703
-0.107507,51.666150
-0.157356,51.667122
-0.043713,51.623020
-0.030333,51.648425
-0.060375,51.645597
-0.157772,51.667578
-0.059383,51.682360
-0.037920,51.613301
-0.138365,51.636519
-0.108085,51.666159
-0.109462,51.612227
-0.090394,51.663894
-0.134416,51.644729
-0.044640,51.628341
-0.125835,51.632003
-0.133833,51.634289
-0.039268,51.632298
-0.033496,51.682199
-0.051089,51.683482
-0.094940,51.689956
-0.103687,51.643338
-0.097657,51.621658
-0.060683,51.624830
-0.109794,51.614660
-0.047091,51.672175
-0.058309,51.660131
-0.080984,51.633347
-0.058024,51.660036
-0.129884,51.614353
-0.109264,51.616990
-0.054741,51.632016
-0.142054,51.616974
-0.062042,51.660732
-0.085760,51.609145
-0.037829,51.682362
-0.061847,51.665315
-0.105142,51.622319
-0.078248,51.629705
-0.122847,51.630876
-0.086430,51.617249
-0.124714,51.676677
-0.100189,51.640583
-0.064990,51.683172
-0.049420,51.628061
-0.086175,51.616436
-0.080909,51.652230
-0.035777,51.676302
-0.061672,51.621969
-0.145593,51.643557
-0.087201,51.616093
-0.039717,51.635273
-0.106523,51.620363
-0.048056,51.639638
-0.133931,51.649487
-0.081448,51.636052
-0.048967,51.611687
-0.101241,51.660383
-0.074112,51.648881
-0.039481,51.680950
-0.046719,51.643842
-0.044042,51.635525
-0.061839,51.621432
-0.081121,51.633529
-0.043045,51.611678
-0.100282,51.659109
-0.050375,51.619264
-0.109419,51.616723
-0.089268,51.618465
-0.086389,51.604479
-0.063380,51.588635
-0.072837,51.580068
-0.068127,51.599234
-0.122233,51.575743
-0.059499,51.591628
-0.070236,51.590366
-0.110355,51.597674
-0.098514,51.587321
-0.070236,51.590366
-0.082332,51.597939
-0.063943,51.585587
-0.123841,51.578736
-0.057578,51.599420
-0.086076,51.581004
-0.074506,51.598620
-0.122038,51.604965
-0.097519,51.593869
-0.098993,51.596591
-0.094809,51.586182
-0.099050,51.581395
-0.065956,51.595961
-0.102400,51.591071
-0.070076,51.594141
-0.070430,51.589201
-0.109656,51.597123
-0.124747,51.577762
-0.082585,51.588501
-0.068175,51.604900
-0.070600,51.588574
-0.078611,51.593741
-0.075236,51.598452
-0.098923,51.577526
-0.148315,51.590905
-0.080804,51.579389
-0.069829,51.593147
-0.147324,51.590440
-0.072974,51.576833
-0.111288,51.606501
-0.062854,51.607780
-0.115871,51.600460
-0.141369,51.573620
-0.112003,51.603186
-0.054345,51.587227
-0.088795,51.598763
-0.123649,51.586916
-0.071139,51.592899
-0.061633,51.588966
-0.100111,51.583660
-0.125506,51.576874
-0.082355,51.600817
-0.057929,51.587825
-0.098514,51.587321
-0.087156,51.586237
-0.075957,51.598464
-0.102201,51.588909
-0.142753,51.575080
-0.070061,51.591083
-0.119074,51.582347
-0.085854,51.606899
-0.099513,51.580683
-0.110724,51.588777
-0.064788,51.589467
-0.134017,51.587531
-0.124122,51.606977
-0.055632,51.587518
-0.064667,51.602505
-0.107810,51.596374
-0.139302,51.585367
-0.081085,51.579574
-0.134944,51.600135
-0.126611,51.581568
-0.147185,51.579647
-0.072533,51.583840
-0.073276,51.596981
-0.080114,51.588910
-0.154097,51.590726
-0.100723,51.586278
-0.072164,51.595974
-0.070745,51.588576
-0.100749,51.599497
-0.067903,51.601119
-0.089815,51.605434
-0.105282,51.598131
-0.144973,51.594989
-0.109656,51.597123
-0.105509,51.596157
-0.070073,51.583979
-0.104698,51.598302
-0.068154,51.598605
-0.118911,51.607253
-0.069183,51.594756
-0.072450,51.582400
-0.070065,51.590993
-0.087300,51.586240
-0.092292,51.598011
-0.096181,51.598254
-0.107955,51.585945
-0.077115,51.577890
-0.068690,51.596186
-0.054824,51.603061
-0.098555,51.593257
-0.081899,51.597932
-0.148628,51.586773
-0.050141,51.604512
-0.072446,51.582489
-0.061307,51.600021
-0.120312,51.587312
-0.070034,51.591712
-0.068293,51.605532
-0.073600,51.582508
-0.143754,51.600095
-0.110089,51.597130
-0.091054,51.572452
-0.109870,51.588494
-0.097090,51.586848
-0.069320,51.594938
-0.074814,51.598175
-0.141949,51.591254
-0.115086,51.570593
-0.070209,51.590996
-0.072275,51.583116
-0.103299,51.590276
-0.111976,51.596890
-0.074545,51.584053
-0.086063,51.605373
-0.071465,51.595422
-0.123741,51.581163
-0.086867,51.586232
-0.101960,51.591244
-0.153076,51.590980
-0.100172,51.599488
-0.072089,51.584102
-0.080656,51.579477
-0.141819,51.590892
-0.100598,51.585826
-0.099395,51.580051
-0.067945,51.600131
-0.122046,51.604786
-0.072237,51.584015
-0.109260,51.596217
-0.068165,51.598336
-0.136280,51.599257
-0.060302,51.596497
-0.069871,51.592159
-0.070232,51.590456
-0.144714,51.576550
-0.125750,51.606014
-0.082444,51.578157
-0.071368,51.584090
-0.109260,51.596217
-0.070232,51.590456
-0.051639,51.586372
-0.104905,51.589852
-0.149973,51.571418
-0.083599,51.588427
-0.098577,51.575452
-0.099277,51.579420
-0.097452,51.581639
-0.130691,51.584151
-0.093716,51.588142
-0.069892,51.605288
-0.068057,51.607686
-0.068442,51.598610
-0.069727,51.592157
-0.059826,51.590734
-0.114472,51.585420
-0.110522,51.597137
-0.085201,51.605269
-0.074480,51.592415
-0.113866,51.596561
-0.063904,51.586485
-0.124699,51.606986
-0.073065,51.578093
-0.103140,51.590633
-0.098927,51.577436
-0.064902,51.590189
-0.067975,51.602829
-0.072712,51.576199
-0.115362,51.396231
-0.151628,51.320281
-0.117934,51.361560
-0.085422,51.331717
-0.076410,51.378961
-0.118055,51.369116
-0.081989,51.417362
-0.104309,51.381934
-0.118215,51.330180
-0.100566,51.385561
-0.099550,51.368458
-0.122719,51.311278
-0.122961,51.410741
-0.110591,51.302629
-0.123363,51.411467
-0.080598,51.399084
-0.089861,51.373426
-0.112033,51.389793
-0.124637,51.397909
-0.013127,51.340405
-0.083068,51.405329
-0.085962,51.311852
-0.120331,51.404764
-0.124758,51.331634
-0.108194,51.395756
-0.099117,51.365034
-0.138551,51.320703
-0.096858,51.398720
-0.087039,51.365287
-0.077174,51.384729
-0.107194,51.388635
-0.086408,51.407992
-0.040164,51.376382
-0.110971,51.394632
-0.121377,51.407299
-0.089970,51.398428
-0.138412,51.331222
-0.100575,51.371442
-0.098738,51.363768
-0.099152,51.367642
-0.095065,51.389968
-0.104506,51.418897
-0.115756,51.397137
-0.096985,51.416437
-0.120846,51.385168
-0.079437,51.378741
-0.090068,51.389167
-0.115810,51.409817
-0.082726,51.396331
-0.094778,51.348416
-0.096818,51.382352
-0.078054,51.401470
-0.117268,51.370812
-0.090432,51.373525
-0.088254,51.391296
-0.110824,51.394719
-0.106323,51.381877
-0.086373,51.384700
-0.137763,51.325996
-0.118582,51.366787
-0.104315,51.406125
-0.067555,51.394733
-0.097860,51.398826
-0.088553,51.380689
-0.120960,51.382382
-0.138303,51.316203
-0.114754,51.393523
-0.025806,51.352760
-0.071963,51.385633
-0.068099,51.395461
-0.102428,51.368325
-0.110044,51.371775
-0.075248,51.399806
-0.096524,51.382527
-0.063110,51.343401
-0.097262,51.385507
-0.087411,51.380490
-0.066057,51.321147
0.002841,51.331230
-0.119116,51.367784
-0.118194,51.400773
-0.082319,51.375101
-0.045380,51.375390
-0.092696,51.322483
-0.108648,51.377778
-0.103404,51.369060
-0.120725,51.381119
-0.112298,51.407782
-0.092482,51.362228
-0.096474,51.387203
-0.116814,51.378359
-0.088696,51.380691
-0.094120,51.374665
-0.100252,51.379261
-0.098195,51.383813
-0.099128,51.364764
-0.098591,51.363856
-0.071883,51.380686
-0.116177,51.327360
-0.115630,51.396685
-0.100385,51.403813
-0.102090,51.404290
-0.118299,51.366692
-0.118577,51.401948
-0.096625,51.387025
-0.115359,51.382292
-0.005805,51.343698
-0.097792,51.355390
-0.067934,51.382329
-0.062899,51.385843
-0.041571,51.350147
-0.113245,51.335856
-0.116666,51.392475
-0.114202,51.392975
-0.117789,51.400137
-0.119447,51.335146
-0.071222,51.379326
-0.062983,51.380449
-0.074328,51.380636
-0.110759,51.368369
-0.103406,51.382909
-0.107337,51.388638
-0.098356,51.362593
-0.105272,51.407309
-0.092423,51.422388
-0.139183,51.319274
-0.111135,51.387170
-0.099293,51.381583
-0.118588,51.401678
-0.093752,51.393903
-0.101381,51.383236
-0.113506,51.413377
-0.054999,51.389129
-0.092811,51.395776
-0.088238,51.398579
-0.087044,51.409981
-0.129830,51.326949
-0.099440,51.367647
-0.117012,51.338524
-0.122682,51.308669
-0.031066,51.357345
-0.066909,51.393014
-0.104915,51.374210
-0.121199,51.362512
-0.112985,51.380635
-0.122560,51.410015
-0.015957,51.351334
-0.119855,51.335692
-0.103018,51.367974
-0.081433,51.416903
-0.139212,51.318555
-0.112457,51.341059
-0.085191,51.375148
-0.100711,51.382056
-0.103422,51.399905
-0.099803,51.369271
-0.092687,51.381476
-0.104325,51.378068
-0.079433,51.399425
-0.107320,51.409950
-0.097259,51.385597
-0.123901,51.412375
-0.102642,51.397914
-0.079448,51.419658
-0.078054,51.401470
-0.115632,51.337153
-0.078054,51.401470
-0.068767,51.324969
-0.064959,51.388125
-0.076791,51.400730
-0.056713,51.358852
-0.103708,51.330396
-0.103748,51.385073
-0.116263,51.367289
-0.102401,51.400248
-0.088266,51.391026
-0.103301,51.378501
-0.107690,51.376593
-0.100559,51.410021
-0.177670,51.376534
-0.227341,51.370281
-0.226697,51.372070
-0.147966,51.350618
-0.138688,51.356317
-0.211361,51.385865
-0.168414,51.352828
-0.150409,51.361268
-0.197193,51.355073
-0.214773,51.383130
-0.153049,51.356364
-0.194691,51.371222
-0.190167,51.383921
-0.149420,51.357296
-0.200860,51.378780
-0.171572,51.385341
-0.194687,51.371311
-0.202580,51.360552
-0.195534,51.353429
-0.172832,51.389767
-0.222370,51.365080
-0.186572,51.365791
-0.195340,51.347401
-0.221021,51.377649
-0.228315,51.371105
-0.187568,51.369673
-0.182843,51.365643
-0.156637,51.338525
-0.152396,51.365436
-0.187061,51.382524
-0.170564,51.356549
-0.199478,51.359065
-0.196866,51.381687
-0.191925,51.361197
-0.185007,51.372691
-0.168809,51.353734
-0.167703,51.334652
-0.194845,51.359983
-0.133658,51.359924
-0.212807,51.381931
-0.154718,51.368441
-0.169696,51.371104
-0.158637,51.388916
-0.232641,51.366944
-0.212996,51.358643
-0.213279,51.358737
-0.187141,51.362292
-0.225801,51.372956
-0.155706,51.379607
-0.157975,51.337377
-0.244242,51.375392
-0.178470,51.388956
-0.150055,51.359374
-0.196084,51.361351
-0.171618,51.380576
-0.204744,51.356628
-0.223115,51.375523
-0.147125,51.346558
-0.183560,51.362057
-0.098481,51.363045
-0.158490,51.389003
-0.145704,51.321266
-0.186217,51.382062
-2.637628,54.318207
-3.500151,54.543622
-3.561512,54.523072
-2.962985,54.432616
-3.555352,54.629208
-2.967136,54.888857
-2.978574,54.949066
-3.087492,54.581649
-2.923133,54.887132
-2.487025,54.543407
-3.419248,54.390547
-3.284363,54.253284
-2.880139,54.637976
-2.772776,54.343840
-2.887446,54.894768
-2.817785,54.371674
-2.374093,54.448727
-3.250571,54.105337
-3.202329,54.129557
-3.246416,54.668373
-3.369249,54.659946
-3.585137,54.546582
-2.933098,54.893347
-3.321485,54.238142
-3.099982,54.182846
-3.568631,54.531428
-2.765426,54.955718
-3.225163,54.125462
-2.853495,54.778633
-3.231151,54.126120
-3.117882,54.244248
-2.884867,54.876723
-3.422471,54.665714
-2.758492,54.952346
-2.354652,54.465412
-2.915246,54.883058
-3.556387,54.636025
-3.371162,54.822417
-2.752704,54.667324
-2.935837,54.890450
-2.730081,54.754455
-3.207019,54.117196
-3.545678,54.504760
-2.765244,54.806362
-2.806283,54.648287
-3.404951,54.688207
-3.545482,54.642636
-3.539253,54.674622
-2.932925,54.892629
-3.382089,54.672832
-2.922689,54.990392
-2.723910,54.197827
-3.226089,54.110173
-2.714826,54.239853
-2.951399,54.869390
-2.947428,54.925948
-3.497630,54.715139
-3.001680,54.967840
-3.435743,54.536404
-3.196454,54.169972
-3.095759,54.848851
-2.963538,54.429915
-3.220956,54.112472
-2.935393,54.898182
-3.233835,54.123755
-3.431307,54.766989
-3.553930,54.632552
-2.961017,54.262767
-3.040881,54.901099
-2.879929,54.857527
-2.323002,54.501628
-3.077999,54.368372
-3.562559,54.542382
-3.240633,54.110563
-2.591791,54.198549
-3.145294,54.816131
-2.914613,54.882614
-2.820745,54.858032
-3.533001,54.603338
-3.578267,54.524831
-3.580357,54.538915
-3.546908,54.639382
-3.308397,54.618827
-2.962039,54.431725
-2.974852,54.859768
-2.954743,54.931732
-2.840149,54.644731
-3.432006,54.610597
-3.066099,54.164276
-2.617342,54.339163
-3.561033,54.644054
-2.350266,54.475760
-3.228480,54.108261
-2.636013,54.651188
-2.726751,54.211201
-3.096758,54.194200
-3.200784,54.139639
-2.534569,54.597488
-3.216149,54.110273
-3.448326,54.525110
-3.000441,54.369129
-2.777033,54.349295
-2.833916,54.202868
-2.675707,54.558857
-2.981065,54.871850
-2.268509,54.503919
-2.388539,54.540978
-2.975724,54.637513
-3.584350,54.546233
-2.909227,54.878790
-3.333112,54.763525
-2.874471,54.979515
-3.513838,54.520802
-3.528294,54.502464
-2.810547,54.784499
-2.837747,55.061730
-3.168128,54.798478
-2.896601,54.850665
-3.386733,54.749892
-2.574294,54.769492
-2.746394,54.931483
-3.097062,54.194107
-3.485202,54.719156
-2.659308,54.529649
-2.898892,54.342786
-3.225212,54.116743
-2.891994,54.358116
-3.584159,54.529338
-3.537269,54.642651
-3.560347,54.541152
-2.934295,54.897921
-2.737040,54.341098
-2.926599,54.888724
-3.533383,54.658788
-2.293539,54.527316
-3.586537,54.550788
-2.992337,54.905639
-3.572381,54.580723
-3.535117,54.606098
-2.814971,54.896174
-3.226135,54.116913
-3.331129,54.227880
-2.742976,54.329108
-2.739650,54.648622
-3.224059,54.108755
-2.368855,54.277628
-2.962335,54.431183
-2.896138,54.850849
-2.981286,54.829610
-3.193907,54.912992
-2.762254,54.953132
-2.940390,54.401877
-3.039868,54.248092
-3.582811,54.558387
-3.139113,54.601755
-2.758978,54.662881
-2.954613,54.886709
-2.868553,54.639588
-2.591275,54.708121
-2.747245,54.513410
-3.551538,54.512684
-3.518394,54.689176
-2.490560,54.580329
-3.582180,54.554081
-2.919404,54.894530
-3.488609,54.540798
-2.757225,54.668644
-2.353375,54.424615
-2.582755,54.384002
-2.501659,54.602212
-3.191273,54.117623
-2.540728,54.606806
-3.262444,54.254325
-2.832026,54.611176
-3.531419,54.631310
-3.483690,54.639454
-2.899813,54.785038
-2.860530,54.589857
-2.810493,54.704067
-3.546263,54.614225
-3.146975,54.523490
-3.583486,54.547862
-2.512962,54.590122
-3.271845,54.210634
-3.175168,54.159396
-3.055792,54.845162
-2.754644,54.319689
-2.528857,54.323586
-3.012101,54.916350
-2.714642,54.317955
-2.933420,54.893794
-2.744199,54.328741
-3.180870,54.792693
-2.966783,54.174552
-2.870602,54.350723
-2.591679,54.437073
-2.570099,54.924170
-3.228996,54.115356
-3.087168,54.196714
-2.927682,54.874786
-2.793680,54.931453
-3.592301,54.547926
-2.933771,54.895499
-2.749113,54.336799
-2.932435,54.891645
-2.730310,54.204349
-2.647795,54.505177
-2.895545,54.217075
-2.707685,54.315659
-3.098158,54.610042
-3.540304,54.513816
-2.859196,54.592652
-2.981681,54.845873
-3.496379,54.714884
-2.798656,54.930521
-3.233823,54.113060
-3.243146,54.107661
-2.852962,54.930422
-2.743508,54.324521
-2.950831,54.891592
-3.559485,54.627896
-2.907146,54.876379
-3.184064,54.181329
-2.989554,54.881217
-3.405149,54.743298
-3.578598,54.561408
-2.736907,54.941785
-3.236600,54.113840
-3.232509,54.140936
-2.742861,54.331266
-2.935397,54.891622
-2.759253,54.336197
-3.589358,54.500059
-3.582090,54.559745
-2.909069,54.878701
-2.652384,54.298626
-3.568226,54.528917
-3.268749,54.209678
-2.776389,54.714086
-2.694776,54.407046
-2.888861,54.895296
-2.969472,54.888749
-3.470581,54.555310
-2.711932,54.267821
-2.803181,54.930492
-2.722911,54.351159
-2.905365,54.378328
-2.945375,54.924885
-2.853820,54.830933
-2.561892,54.502282
-3.387440,54.711507
-3.278557,54.254155
-3.521784,54.663698
-3.233665,54.112881
-2.667350,54.653086
-2.931068,54.879703
-3.048257,54.992880
-3.340589,54.391805
-2.456557,53.651238
-2.473164,53.702137
-2.481661,53.743089
-2.466066,53.758790
-2.500555,53.738158
-2.376631,53.747959
-2.448700,53.694861
-2.502629,53.772214
-2.474134,53.761365
-2.501312,53.776264
-2.489871,53.745033
-2.358948,53.754844
-2.453993,53.736366
-2.456554,53.650968
-2.488997,53.761215
-2.474829,53.701950
-2.479091,53.717123
-2.474694,53.757228
-2.536569,53.780426
-2.488091,53.761578
-2.472453,53.638593
-2.481392,53.746146
-2.480042,53.747410
-2.512535,53.713569
-2.458041,53.746148
-2.445980,53.781336
-2.383866,53.759800
-2.487274,53.743426
-2.475255,53.766663
-2.491071,53.769925
-2.408427,53.711813
-2.461037,53.770494
-2.465620,53.759600
-2.475718,53.753898
-2.469308,53.723094
-2.500086,53.749754
-2.444400,53.746738
-2.522908,53.731411
-2.359087,53.753406
-2.447536,53.727941
-2.474508,53.754173
-2.386608,53.744602
-2.443136,53.756270
-2.463769,53.756821
-2.447688,53.727941
-2.467165,53.693801
-2.415364,53.769942
-2.489702,53.769661
-2.465769,53.759420
-2.510874,53.739013
-2.372752,53.755162
-2.468986,53.748622
-2.489588,53.746832
-2.487283,53.744145
-2.527958,53.771476
-2.468827,53.707097
-2.482333,53.748839
-2.501805,53.754062
-2.489158,53.762023
-2.499379,53.766835
-2.432659,53.755140
-2.480819,53.709207
-2.460812,53.694545
-2.463946,53.745406
-2.512612,53.757252
-2.487494,53.736234
-2.443275,53.755101
-2.445427,53.743499
-2.479997,53.716850
-2.470990,53.778634
-2.371779,53.748064
-2.489267,53.758338
-2.408437,53.744080
-2.383412,53.776610
-2.398741,53.744922
-2.526591,53.734990
-2.412546,53.714675
-2.471547,53.760656
-2.382315,53.756120
-2.475320,53.785808
-2.494033,53.750858
-2.468000,53.755367
-2.546142,53.769687
-2.430798,53.721531
-2.674022,53.721218
-2.503618,53.728078
-2.460764,53.745598
-2.384831,53.749281
-2.474729,53.773766
-2.373608,53.749047
-2.366877,53.759764
-2.484687,53.716202
-2.503119,53.737068
-2.534682,53.727494
-2.428481,53.746976
-2.472202,53.778450
-2.368086,53.759221
-2.459906,53.680886
-2.429594,53.752005
-2.489181,53.724812
-2.455514,53.750831
-2.408686,53.785334
-2.430615,53.762877
-2.468766,53.715277
-2.378463,53.766199
-2.457619,53.749205
-2.474177,53.697908
-2.488889,53.778023
-2.531164,53.712949
-2.491308,53.777204
-2.496808,53.716152
-2.408085,53.785966
-2.426901,53.695839
-2.378608,53.765480
-2.474858,53.758306
-2.475410,53.766932
-2.391968,53.766605
-2.475344,53.761090
-2.495443,53.741774
-2.404745,53.785887
-2.411635,53.714498
-2.408504,53.782189
-2.379706,53.752623
-2.491439,53.749521
-2.517499,53.759927
-2.385380,53.676655
-2.235006,53.803238
-2.328812,53.780008
-2.228337,53.805318
-2.223766,53.802360
-2.312104,53.798388
-2.227111,53.803253
-2.253555,53.782168
-2.271112,53.798308
-2.311963,53.799916
-2.229690,53.802888
-2.332329,53.725800
-2.329273,53.780725
-2.227781,53.786893
-2.178285,53.639752
-2.281840,53.700133
,
-2.248894,53.763842
-2.274948,53.781312
-2.272610,53.795159
-2.288707,53.707667
-2.283331,53.786775
-2.213765,53.806333
-2.317060,53.811317
-2.238721,53.788939
-2.310664,53.665188
-2.233292,53.795242
-2.279085,53.787324
-2.266618,53.783937
-2.248135,53.789549
-2.221702,53.785377
-2.244951,53.764120
-2.266971,53.791666
-2.259834,53.693083
-2.198535,53.700390
-2.232179,53.786076
-2.263767,53.789067
-2.206350,53.811559
-2.308299,53.776377
-2.234268,53.807014
-2.298797,53.699193
-2.253283,53.787381
-2.326559,53.724378
-2.249197,53.789457
-2.316185,53.695104
-2.265438,53.789332
-2.238920,53.797298
-2.173835,53.661061
-2.173256,53.667443
-2.243725,53.788120
-2.234856,53.803418
-2.326555,53.723838
-2.236872,53.784089
-2.267547,53.786811
-2.222014,53.786904
-2.236084,53.805842
-2.254834,53.692644
-2.332017,53.705398
-2.279575,53.701127
-2.309036,53.794171
-2.224043,53.769014
-2.329737,53.781892
-2.235055,53.811956
-2.238265,53.788760
-2.320784,53.702372
-2.309775,53.688470
-2.259032,53.759776
-2.326400,53.723479
-2.194889,53.697970
-2.240880,53.794867
-2.258345,53.771282
-2.258902,53.787909
-2.258477,53.792763
-2.264314,53.779538
-2.311045,53.675793
-2.259185,53.759865
-2.215039,53.788265
-2.326055,53.698493
-2.178518,53.659077
-2.214230,53.837970
-2.171757,53.856464
-2.395203,53.820253
-2.399589,53.866077
-2.209510,53.836001
-2.500199,53.835770
-2.179834,53.861125
-2.176018,53.857626
-2.174048,53.859067
-2.157038,53.863944
-2.373744,53.883777
-2.393868,53.839851
-2.203969,53.852818
-2.393564,53.839852
-2.391092,53.868082
-2.203492,53.848415
-2.412344,53.817858
-2.211773,53.832941
-2.257789,53.952659
-2.236177,53.822380
-2.341702,53.928092
-2.396043,53.828789
-2.373404,53.862746
-2.600651,53.825781
-2.199217,53.844467
-2.168883,53.860153
-2.560879,53.828131
-2.217696,53.832301
-2.319351,53.813109
-2.220186,53.843532
-2.229957,53.823830
-2.354345,53.892464
-2.286937,53.825774
-2.154742,53.859902
-2.114508,53.880619
-2.526130,53.892103
-2.372644,53.862748
-2.194380,53.915659
-2.268182,53.933672
-2.230279,53.827245
-2.441267,53.809397
-2.394584,53.835175
-2.216636,53.833022
-2.254793,53.936038
-2.426751,53.815561
-2.201194,53.844823
-2.164463,53.857373
-2.418063,53.827725
-2.156538,53.892885
-2.189060,53.850326
-2.287004,53.924371
-2.602551,53.831165
-2.182799,53.913430
-2.233922,53.826518
-2.228946,53.833449
-2.790798,53.725807
-2.688204,53.791515
-2.705129,53.768857
-2.630875,53.724060
-2.651673,53.726375
-2.692267,53.761741
-2.779855,53.765068
-2.750781,53.776579
-2.644734,53.787892
-2.715069,53.800257
-2.675606,53.763274
-2.730287,53.749831
-2.731443,53.798899
-2.642211,53.741976
-2.672207,53.825851
-2.678176,53.762721
-2.716379,53.761330
-2.704957,53.767689
-2.677875,53.762902
-2.681584,53.767105
-2.688296,53.769314
-2.759506,53.730324
-2.792832,53.761388
-2.725759,53.751117
-2.674831,53.781165
-2.661395,53.776027
-2.698363,53.763414
-2.655576,53.782351
-2.648875,53.810340
-2.751087,53.768218
-2.611797,53.850442
-2.762776,53.802030
-2.704977,53.768858
-2.650821,53.739862
-2.745304,53.784343
-2.669071,53.781557
-2.768787,53.732243
-2.710276,53.777185
-2.690740,53.761121
-2.678706,53.767391
-2.726206,53.733048
-2.719701,53.831328
-2.682162,53.755957
-2.765322,53.766780
-2.692995,53.759849
-2.673646,53.764004
-2.702473,53.791523
-2.729713,53.777967
-2.688552,53.720057
-2.737764,53.830319
-2.684146,53.784708
-2.712240,53.767736
-2.631038,53.765315
-2.721713,53.736221
-2.656074,53.765630
-2.788219,53.782361
-2.682064,53.777978
-2.669648,53.722501
-2.672044,53.777675
-2.678025,53.772159
-2.674608,53.719957
-2.706669,53.761208
-2.709977,53.777457
-2.682798,53.720360
-2.689898,53.774518
-2.727404,53.740950
-2.691807,53.770642
-2.674981,53.781074
-2.669631,53.721423
-2.660963,53.729201
-2.681457,53.871548
-2.697067,53.758478
-2.636169,53.823711
-2.689097,53.762658
-2.733613,53.749271
-2.729437,53.762060
-2.701610,53.758002
-2.759744,53.768703
-2.646978,53.775926
-2.670217,53.739216
-2.728319,53.846376
-2.708057,53.762548
-2.664893,53.766930
-2.684662,53.760437
-2.691535,53.754105
-2.709637,53.775302
-2.761675,53.724558
-2.656104,53.718891
-2.635080,53.761698
-2.656513,53.745134
-2.698608,53.769075
-2.686035,53.853905
-2.705588,53.760046
-2.735749,53.749977
-2.750433,53.791052
-2.727604,53.796406
-2.668056,53.765474
-2.699375,53.760442
-2.743350,53.776805
-2.681982,53.772945
-2.699519,53.769069
-2.673714,53.777756
-2.688400,53.720058
-2.720205,53.780991
-2.735275,53.748901
-2.679163,53.748693
-2.705781,53.771549
-2.623910,53.765442
-2.570562,53.769213
-2.697823,53.758293
-2.647742,53.746710
-2.674003,53.729488
-2.691322,53.768847
-2.674636,53.721664
-2.692117,53.761832
-2.681011,53.778524
-2.660966,53.729381
-2.636032,53.764480
-2.721043,53.776762
-2.713949,53.591105
-2.752381,53.543320
-2.765947,53.609300
-2.775347,53.586139
-2.879829,53.547214
-2.827253,53.652665
-2.717835,53.535173
-2.815261,53.634950
-2.832725,53.538743
-2.883861,53.566869
-2.878019,53.663809
-2.768948,53.549866
-2.777058,53.547657
-2.735765,53.542435
-2.931884,53.676974
-2.739603,53.589421
-2.883572,53.567501
-2.945960,53.582214
-2.882870,53.577304
-2.721556,53.540993
-2.879024,53.566635
-2.771077,53.550751
-2.839750,53.596310
-2.832882,53.677255
-2.785197,53.547064
-2.960924,53.582634
-2.873886,53.566403
-2.821061,53.590957
-2.819986,53.590066
-2.779833,53.559054
-2.893740,53.562751
-2.722605,53.567144
-2.856423,53.539115
-2.966993,53.630135
-2.775067,53.546052
-2.828625,53.514232
-2.844356,53.599963
-2.786855,53.546963
-2.934076,53.591296
-2.854964,53.668740
-2.888301,53.569803
-2.967302,53.630402
-2.833167,53.676354
-2.888533,53.573666
-2.888211,53.565489
-2.938052,53.593423
-2.910703,53.670576
-2.749058,53.543161
-2.851075,53.693576
-2.840808,53.702726
-2.777272,53.559340
-2.726088,53.541325
-2.883234,53.565795
-2.691058,53.651102
-2.626298,53.650650
-2.609648,53.629074
-2.732897,53.647078
-2.724983,53.661957
-2.712823,53.685670
-2.686858,53.699843
-2.677919,53.690277
-2.639637,53.702262
-2.716900,53.693915
-2.724288,53.665557
-2.632095,53.704369
-2.628221,53.647674
-2.691481,53.658470
-2.682708,53.705440
-2.574998,53.705286
-2.686943,53.612026
-2.663322,53.676876
-2.781759,53.671577
-2.568017,53.625593
-2.663395,53.671842
-2.619117,53.656170
-2.633410,53.650702
-2.626194,53.653796
-2.670949,53.709012
-2.562119,53.716403
-2.687983,53.694534
-2.668063,53.660761
-2.691816,53.697388
-2.734994,53.654616
-2.682303,53.717846
-2.631489,53.653768
-2.707599,53.690195
-2.555872,53.633380
-2.693568,53.628886
-2.638799,53.696963
-2.680849,53.684148
-2.690489,53.699553
-2.688034,53.706937
-2.627801,53.660170
-2.621589,53.649326
-2.674195,53.684635
-2.695654,53.672917
-2.691516,53.632853
-2.625972,53.649034
-2.653499,53.629022
-2.668364,53.660669
-2.598432,53.616547
-2.676568,53.719317
-2.759116,53.666599
-2.573403,53.599052
-2.628389,53.658998
-2.677733,53.697558
-2.630360,53.659257
-2.673019,53.696327
-2.807211,53.680666
-2.536822,53.693239
-2.632325,53.669224
-2.561955,53.715505
-2.649253,53.638124
-2.691340,53.659100
-2.627610,53.647317
-2.704390,53.715651
-2.691790,53.695770
-2.648591,53.703382
-2.635606,53.645837
-2.715576,53.696260
-2.610097,53.618285
-2.979430,53.788231
-3.027042,53.798619
-3.007397,53.802471
-3.032716,53.825625
-3.012914,53.754157
-3.050908,53.799761
-2.924890,53.786058
-2.992754,53.818952
-3.025910,53.820650
-3.030848,53.755712
-3.053501,53.824456
-2.922011,53.772418
-3.043769,53.799643
-2.953994,53.737562
-3.004614,53.825774
-3.032405,53.819156
-3.031009,53.756070
-2.949815,53.847972
-3.010678,53.812600
-3.050604,53.811898
-2.836724,53.786976
-3.042358,53.785633
-3.037324,53.796913
-3.045545,53.785606
-3.023174,53.789394
-2.944792,53.847652
-3.055444,53.823180
-3.002329,53.793705
-2.916395,53.744507
-3.014278,53.754145
-2.984554,53.786661
-3.027777,53.803826
-2.944885,53.743747
-3.044689,53.818331
-2.892607,53.781090
-2.841471,53.773909
-3.051118,53.802096
-2.961007,53.785774
-3.022969,53.805934
-3.049227,53.787191
-3.045883,53.799175
-2.980627,53.741931
-3.007166,53.780182
-3.005021,53.741190
-3.050536,53.821336
-3.004301,53.825417
-2.947169,53.737437
-3.025152,53.833151
-2.947816,53.739229
-2.927263,53.790444
-3.043963,53.813573
-3.024470,53.823898
-3.031650,53.751300
-3.039965,53.793205
-3.052918,53.795159
-3.053981,53.776993
-3.049308,53.820807
-2.859939,53.779171
-3.043367,53.820140
-3.011483,53.801897
-3.032677,53.805492
-3.011983,53.784815
-3.034355,53.781119
-3.042616,53.759295
-3.054444,53.801527
-2.940535,53.800138
-2.988640,53.799032
-3.055609,53.823718
-2.972061,53.764922
-3.028340,53.826831
-3.033526,53.821484
-3.055561,53.827853
-3.015618,53.790807
-3.031601,53.829680
-2.864532,53.781116
-3.025648,53.797463
-2.888577,53.856082
-2.999864,53.798579
-3.043900,53.798833
-3.050958,53.777469
-3.014020,53.825246
-2.985994,53.796267
-2.803899,53.761044
-2.870065,53.806512
-3.019399,53.790235
-3.028529,53.791146
-3.050910,53.799850
-3.002307,53.824625
-3.027887,53.802117
-2.925044,53.786147
-3.026116,53.804200
-2.824909,53.803686
-2.888558,53.790557
-3.021315,53.756602
-3.054762,53.814198
-3.020131,53.795352
-3.038513,53.820452
-3.016673,53.803022
-2.873014,53.780335
-3.017066,53.838073
-3.030449,53.832296
-3.034669,53.812396
-3.053243,53.820234
-3.054738,53.807187
-3.020045,53.804341
-3.048515,53.801220
-2.872798,54.061844
-2.796050,54.099136
-2.796615,54.016894
-2.891574,54.053976
-2.734485,53.894694
-2.811158,54.089688
-2.838353,54.066043
-2.751178,54.129264
-2.764965,53.963801
-2.780043,53.922359
-2.847756,54.062562
-2.693550,54.123948
-2.828240,54.056946
-2.796251,54.061746
-2.739831,54.145153
-2.792604,54.054759
-2.794842,54.027961
-2.795017,54.053125
-2.801152,54.062342
-2.776305,54.040845
-2.713889,54.105494
-2.840260,54.054525
-2.863239,54.072428
-2.794818,54.050700
-2.784891,53.888533
-2.751632,54.145888
-2.758193,53.926634
-2.891571,54.053796
-2.778869,53.965599
-2.824846,54.086090
-2.807561,54.038302
-2.746388,53.853905
-2.878021,54.055963
-2.838852,54.060467
-2.795292,54.051506
-2.789528,54.037523
-2.781306,53.989941
-2.880342,54.064575
-2.731253,53.962303
-2.781685,54.026429
-2.844036,54.074991
-2.700587,54.078519
-2.876815,54.063971
-2.876534,54.065142
-2.728899,54.089316
-2.801082,54.050748
-2.815334,54.053169
-2.722381,53.960470
-2.794207,53.994620
-2.772697,54.076819
-2.791130,54.057555
-2.871785,54.057267
-2.891859,54.052985
-2.774312,53.900645
-2.877810,54.053179
-2.789938,53.946383
-2.780654,53.881639
-2.761005,54.114373
-2.771134,54.066673
-2.771014,54.068471
-2.791426,54.041016
-2.860692,54.060133
-2.759293,54.104407
-2.798397,54.046182
-2.838357,54.066223
-2.813501,54.053182
-2.780363,53.996598
-2.865255,54.073852
-2.770930,54.072157
-2.897596,54.035686
-2.775412,53.902526
-2.688523,54.125325
-2.803607,54.054956
-2.804332,54.045064
-2.777775,53.980526
-2.803607,54.054956
-2.784598,54.043307
-2.788897,54.060626
-2.788016,54.062519
-2.885691,54.064625
-2.761412,53.877539
-2.758342,54.043925
-2.817304,54.060166
-2.820682,54.006755
-2.854486,54.055504
-2.764077,54.131699
-2.750030,53.972434
-2.841814,54.078512
-2.883930,54.053673
-2.789060,54.036987
-2.881138,54.066097
-2.966593,53.922980
-3.007747,53.861342
-2.984180,53.829000
-3.041617,53.835346
-3.014318,53.919260
-2.954210,53.894137
-2.960920,53.908015
-3.042810,53.877221
-3.017864,53.921028
-3.025615,53.858314
-3.009360,53.865193
-3.021111,53.923068
-2.981959,53.844478
-3.032244,53.837314
-2.995824,53.839510
-3.031071,53.869952
-2.889920,53.933639
-3.049817,53.835094
-2.992307,53.845022
-3.047164,53.850578
-3.039782,53.877786
-3.032372,53.842526
-2.993069,53.928516
-3.023097,53.873526
-3.039915,53.858640
-3.014669,53.921145
-2.960213,53.870540
-3.052404,53.835252
-3.031765,53.910483
-2.961070,53.907924
-3.041592,53.846581
-3.023406,53.873703
-3.030929,53.888918
-3.031111,53.921005
-3.041761,53.871747
-2.983322,53.857230
-3.047618,53.850484
-3.019719,53.859712
-3.039147,53.852175
-3.044297,53.851411
-2.980261,53.927902
-3.009244,53.828791
-3.042229,53.835520
-3.053228,53.849895
-2.994279,53.838444
-3.009057,53.928383
-3.040718,53.890991
-2.995121,53.461006
-2.942669,53.448479
-2.787280,53.422593
-2.943275,53.388833
-2.966121,53.654169
-3.051074,53.437111
-2.950181,53.515808
-2.997054,53.637115
-3.060007,53.422245
-2.959028,53.422712
-2.802702,53.423237
-2.892435,53.422519
-3.032670,53.385243
-2.907856,53.459041
-3.047188,53.423563
-2.733134,53.447774
-2.908934,53.414313
-3.042813,53.418828
-2.832873,53.340800
-2.937480,53.436448
-2.930447,53.509294
-2.905180,53.430252
-2.895701,53.396777
-2.938182,53.450510
-2.949028,53.427098
-2.949279,53.466692
-2.947864,53.411979
-2.988273,53.400262
-2.986224,53.460550
-2.972727,53.403815
-2.960089,53.384285
-2.932959,53.436879
-3.030351,53.353326
-2.901438,53.370073
-3.009624,53.459042
-2.978903,53.406164
-2.989093,53.412912
-3.067257,53.402881
-3.062734,53.422985
-2.933031,53.436761
-2.949908,53.466525
-2.956255,53.443948
-2.995634,53.451402
-2.721021,53.437573
-2.914053,53.422193
-2.855416,53.359517
-2.796469,53.426316
-2.973164,53.406454
-2.719044,53.490753
-2.984074,53.409268
-2.929463,53.469122
-2.786122,53.450349
-2.983670,53.475169
-3.088226,53.419456
-3.012474,53.371789
-2.935784,53.413351
-2.997029,53.451804
-2.883362,53.437094
-2.932622,53.405672
-2.982952,53.409520
-3.003409,53.648064
-2.967832,53.445923
-3.076948,53.369715
-3.014893,53.352775
-2.833333,53.419045
-3.091446,53.381826
-2.869064,53.420255
-2.841261,53.466162
-2.990288,53.352280
-2.949627,53.395210
-3.036760,53.480482
-2.967117,53.480724
-2.999975,53.352802
-2.877885,53.361970
-2.979490,53.455239
-3.004375,53.501442
-2.925232,53.453298
-2.987260,53.348692
-2.949496,53.389305
-2.852736,53.348687
-2.993880,53.452990
-2.771013,53.441702
-2.863506,53.485293
-2.805984,53.393084
-2.976170,53.395211
-2.920003,53.409959
-2.955894,53.374206
-2.914888,53.392416
-2.966446,53.417367
-2.978248,53.400570
-2.923181,53.426797
-3.048480,53.383730
-3.030682,53.388838
-2.967575,53.386238
-2.960500,53.475294
-2.950541,53.427419
-2.929423,53.392807
-2.967845,53.409383
-2.900105,53.428717
-3.048780,53.415513
-2.944595,53.396850
-3.089032,53.360292
-2.726414,53.414880
-3.046317,53.421791
-2.900745,53.362878
-2.903878,53.407916
-2.892196,53.482224
-2.957327,53.488282
-2.730810,53.406215
-2.980181,53.447332
-2.988760,53.491244
-2.993287,53.655088
-2.983579,53.402153
-2.910438,53.429790
-2.788822,53.419716
-2.801057,53.426187
-2.633630,53.456352
-3.031410,53.389093
-3.025763,53.475004
-2.929596,53.424905
-2.996962,53.637062
-2.923123,53.410222
-2.832281,53.346656
-3.040533,53.417895
-3.019578,53.362749
-2.938437,53.423173
-3.016922,53.374907
-3.119605,53.377232
-2.991937,53.430390
-3.010644,53.459465
-3.161580,53.365793
-3.029793,53.390644
-2.910972,53.447727
-3.061242,53.394521
-2.875888,53.484268
-2.773321,53.417938
-2.921270,53.410120
-2.979002,53.401948
-2.953031,53.492945
-2.958697,53.403317
-3.032241,53.425275
-2.940163,53.442045
-3.091153,53.415034
-2.961014,53.476018
-3.073779,53.414014
-2.869380,53.373043
-2.921278,53.376339
-2.990882,53.405104
-2.986901,53.448823
-2.971204,53.409562
-2.976669,53.438660
-3.033775,53.413468
-2.901951,53.413503
-2.913661,53.470556
-3.093944,53.395988
-2.940680,53.422535
-3.076824,53.407676
-2.939315,53.413152
-2.758012,53.442081
-3.004946,53.341245
-2.939480,53.398103
-2.872619,53.407923
-3.014571,53.363879
-2.977480,53.327001
-2.981484,53.404561
-2.975900,53.340659
-2.874074,53.349018
-2.662751,53.469587
-2.885167,53.484065
-2.637556,53.459037
-3.115498,53.403016
-2.970846,53.667532
-2.856885,53.391498
-2.882477,53.481514
-2.861729,53.349197
-2.975007,53.467312
-2.665115,53.472360
-3.088743,53.368996
-3.101793,53.329558
-2.953618,53.390090
-2.968645,53.398266
-2.760091,53.445529
-2.999058,53.443922
-2.985923,53.459914
-2.950422,53.445703
-2.956003,53.396543
-2.960857,53.672188
-2.868668,53.415575
-2.908684,53.392032
-2.899893,53.454265
-2.929345,53.451298
-3.026918,53.418615
-2.724787,53.426216
-2.932052,53.469048
-2.967777,53.481249
-2.954208,53.411749
-2.748024,53.456257
-3.050350,53.418771
-2.742894,53.452289
-2.914306,53.445895
-2.839759,53.412213
-3.087012,53.369480
-3.055157,53.399007
-2.944889,53.412155
-2.926351,53.462512
-2.961362,53.410091
-2.915434,53.424834
-2.890786,53.394737
-2.813329,53.406077
-2.936297,53.450408
-3.019160,53.612363
-2.663805,53.483019
-2.947111,53.482988
-2.967657,53.447488
-2.829092,53.345626
-2.944732,53.445757
-2.996588,53.425254
-2.997371,53.360977
-3.008506,53.630880
-3.027370,53.492248
-2.878755,53.407123
-2.880713,53.415972
-2.841220,53.421434
-3.179835,53.364553
-2.755941,53.435686
-2.872419,53.375376
-2.787386,53.419383
-3.033095,53.410256
-2.976400,53.411821
-2.971467,53.494981
-2.858832,53.421740
-2.910957,53.387897
-3.070004,53.316912
-2.968340,53.403365
-3.066713,53.333014
-2.815839,53.413044
-2.958070,53.487817
-2.889044,53.419380
-2.932795,53.441752
-2.894348,53.353730
-2.969969,53.647810
-2.720432,53.421451
-2.910962,53.447943
-2.973949,53.402654
-2.995646,53.448687
-3.092872,53.418722
-2.885723,53.436214
-2.838047,53.412387
-3.016909,53.520554
-2.793741,53.409139
-2.932371,53.377700
-2.960797,53.395705
-2.706424,53.461445
-2.806896,53.429393
-2.984584,53.432626
-3.022441,53.388783
-2.944619,53.512581
-2.958377,53.463986
-2.980655,53.407768
-2.970480,53.408849
-2.998534,53.649822
-2.931991,53.466927
-2.891561,53.357706
-2.846148,53.427107
-2.662340,53.469302
-2.905598,53.392559
-2.914267,53.465814
-3.075553,53.421702
-2.921251,53.405715
-3.125746,53.376393
-2.786995,53.419377
-2.701869,53.463791
-2.976041,53.304100
-2.950420,53.445622
-2.993884,53.360907
-3.042853,53.398926
-2.987487,53.634148
-3.085630,53.374238
-2.761620,53.443470
-2.937953,53.507743
-3.000006,53.459285
-2.991712,53.405825
-2.989775,53.448736
-2.961634,53.455483
-2.613644,53.454137
-2.873554,53.349282
-2.842970,53.411786
-2.803546,53.424948
-2.828825,53.417036
-3.014752,53.384759
-2.885424,53.406643
-2.828133,53.389130
-3.017846,53.494200
-2.978730,53.405824
-2.971464,53.438127
-2.958590,53.464083
-2.917931,53.426901
-3.045795,53.554300
-3.004377,53.644874
-2.659102,53.449895
-2.967693,53.396080
-2.682952,53.426364
-2.967856,53.411873
-2.927280,53.485759
-2.682060,53.432688
-2.929936,53.369450
-3.027317,53.393955
-2.909882,53.432661
-2.929404,53.451271
-2.972358,53.436412
-3.154190,53.364831
-2.967867,53.411702
-2.993649,53.407625
-2.893791,53.474230
-3.045132,53.553740
-2.966531,53.641689
-3.020212,53.337718
-2.995902,53.461539
-3.058571,53.371704
-2.931705,53.381607
-2.958659,53.429062
-3.087641,53.385313
-2.890125,53.385421
-2.699301,53.434035
-2.970615,53.503213
-2.835457,53.422976
-2.974415,53.342721
-2.958450,53.473909
-3.051690,53.412098
-2.884137,53.484531
-2.976483,53.447587
-2.996091,53.498554
-2.954268,53.411757
-2.989012,53.445695
-2.951380,53.492581
-2.944113,53.417168
-2.804870,53.397029
-2.914181,53.398722
-2.948310,53.387364
-2.941143,53.516302
-3.053345,53.594494
-3.022855,53.476224
-2.654135,53.453006
-2.634708,53.471043
-2.689000,53.448558
-2.985287,53.433726
-2.925099,53.402144
-3.150515,53.371788
-3.003448,53.476856
-3.042752,53.486380
-3.021301,53.351866
-3.000543,53.493636
-2.728834,53.463944
-2.889558,53.463457
-2.998373,53.361391
-2.958425,53.669745
-3.183176,53.388017
-2.936442,53.423467
-2.860657,53.459175
-2.807202,53.424087
-2.950307,53.445964
-3.001366,53.650571
-2.894191,53.495396
-2.892891,53.404034
-2.924751,53.402731
-2.990692,53.405986
-2.990073,53.642540
-2.919518,53.398627
-3.088682,53.368961
-3.027960,53.393194
-2.949232,53.465263
-2.970405,53.670080
-2.988609,53.643990
-2.914320,53.398182
-3.053463,53.315154
-3.099680,53.409059
-2.949684,53.486851
-2.968425,53.631921
-3.040287,53.432441
-2.996470,53.425327
-2.909668,53.450829
-2.652235,53.470499
-2.681462,53.433878
-2.741147,53.446205
-2.960683,53.462736
-3.039941,53.483609
-2.687923,53.448097
-2.841400,53.428256
-2.870870,53.469581
-2.837693,53.423428
-2.871599,53.372757
-2.899811,53.390562
-3.032671,53.385270
-2.989023,53.490873
-2.931058,53.445658
-2.743827,53.403123
-3.073771,53.405915
-2.740812,53.470225
-2.937294,53.442346
-2.932687,53.440962
-2.941688,53.510285
-2.953320,53.493078
-2.908425,53.358676
-3.061271,53.401694
-2.860308,53.421811
-3.023777,53.481358
-2.734162,53.454985
-2.996187,53.658731
-2.951769,53.491778
-2.699681,53.434231
-2.971064,53.386920
-2.918208,53.427159
-2.936460,53.370163
-2.931247,53.388181
-2.638330,53.456453
-2.992300,53.458207
-2.904567,53.387200
-2.975536,53.410875
-2.789379,53.434337
-2.745720,53.457134
-2.971753,53.637225
-2.966918,53.316085
-3.040518,53.484422
-2.938696,53.416501
-2.913643,53.365872
-2.944931,53.515751
-2.948252,53.380712
-3.029537,53.406799
-2.903161,53.451454
-2.965322,53.437475
-2.936956,53.400308
-2.740217,53.450705
-2.620200,53.457600
-2.979179,53.336947
-3.061794,53.547004
-2.754968,53.456366
-2.949374,53.394663
-2.744210,53.457773
-2.994852,53.435984
-2.934996,53.517276
-2.988267,53.405170
-2.977686,53.406858
-3.103526,53.353067
-2.962412,53.399305
-2.868062,53.361430
-2.858192,53.403435
-2.959933,53.462849
-2.897199,53.480757
-2.968698,53.411201
-2.959626,53.393817
-2.971555,53.411789
-2.983609,53.469929
-2.986964,53.402197
-2.613659,53.454137
-2.946783,53.412051
-3.084998,53.375997
-2.906266,53.442379
-3.019770,53.389004
-3.112708,53.403878
-2.913441,53.362080
-2.977570,53.334210
-2.953767,53.390017
-2.962382,53.457922
-2.960111,53.429356
-2.904302,53.408029
-2.927176,53.463737
-3.046934,53.538668
-3.015755,53.652482
-2.909972,53.369199
-2.956880,53.465723
-2.966815,53.461473
-2.644520,53.450487
-2.843478,53.425302
-2.991428,53.454430
-2.970843,53.441934
-2.873791,53.371168
-2.913703,53.438169
-2.981030,53.651800
-2.986019,53.659409
-3.060436,53.419527
-2.742174,53.454154
-2.981172,53.404743
-2.978092,53.405542
-2.983135,53.342443
-2.990347,53.352271
-2.982879,53.409610
-2.613410,53.460916
-2.746349,53.432887
-2.922718,53.381794
-2.885231,53.361843
-2.703509,53.448177
-3.068901,53.367684
-2.915908,53.456696
-2.832757,53.362572
-3.006149,53.499935
-2.886463,53.418986
-3.011520,53.629794
-2.950184,53.495071
-3.083518,53.403535
-2.841608,53.405252
-2.902599,53.473211
-2.940743,53.413779
-2.989915,53.407476
-3.050058,53.416697
-2.866518,53.349774
-3.007388,53.464472
-2.891351,53.415282
-2.939885,53.408995
-2.925590,53.399812
-2.891151,53.358222
-2.905637,53.400765
-3.041554,53.418408
-3.000538,53.471002
-2.951193,53.398649
-2.982875,53.454456
-3.040771,53.588240
-2.652270,53.479658
-2.990898,53.405140
-2.963230,53.392215
-2.899543,53.446286
-2.993609,53.412362
-2.953321,53.493105
-2.636433,53.475573
-2.954384,53.412242
-2.979323,53.403500
-2.936218,53.394093
-2.991548,53.353501
-2.867234,53.419028
-2.871040,53.420456
-2.774847,53.482782
-2.952430,53.494397
-2.920915,53.454222
-2.980096,53.461292
-3.044075,53.411976
-2.968531,53.462735
-2.960837,53.314003
-3.007439,53.313187
-2.928018,53.400099
-2.739824,53.450618
-2.853443,53.366767
-2.994918,53.460693
-2.215610,53.484912
-2.235618,53.478582
-2.234759,53.486763
-2.200656,53.509476
-2.195205,53.504542
-2.181118,53.453779
-2.198795,53.530512
-2.205188,53.479986
-2.235210,53.486583
-2.188328,53.449723
-2.201175,53.523407
-2.236971,53.478130
-2.189372,53.447384
-2.215807,53.493990
-2.227318,53.476261
-2.183715,53.462404
-2.243357,53.514520
-2.213642,53.483207
-2.160107,53.472775
-2.210913,53.510088
-2.246764,53.477930
-2.234009,53.487394
-2.193382,53.501489
-2.208445,53.498946
-2.239515,53.501764
-2.191469,53.444954
-2.226472,53.487229
-2.202198,53.516664
-2.220534,53.475465
-2.196994,53.500224
-2.201246,53.506779
-2.240453,53.480999
-2.172973,53.524530
-2.188452,53.511563
-2.235811,53.486222
-2.248097,53.474062
-2.175389,53.525156
-2.193444,53.481984
-2.188458,53.445049
-2.200525,53.481702
-2.230170,53.474278
-2.194313,53.474252
-2.158586,53.468822
-2.182749,53.482989
-2.177692,53.462683
-2.195100,53.481621
-2.192727,53.523242
-2.160353,53.457944
-2.181057,53.474902
-2.233558,53.487575
-2.193797,53.493398
-2.194441,53.469308
-2.212803,53.526174
-2.240664,53.491695
-2.227499,53.481923
-2.213218,53.518712
-2.181628,53.467531
-2.195157,53.526923
-2.222663,53.479326
-2.225455,53.522645
-2.233982,53.482540
-2.184040,53.502672
-2.157943,53.457857
-2.236783,53.498444
-2.227757,53.473833
-2.225923,53.525520
-2.235790,53.482537
-2.181852,53.519663
-2.242491,53.494927
-2.252954,53.479985
-2.237059,53.493860
-2.187034,53.463657
-2.245921,53.488449
-2.191007,53.509762
-2.239957,53.473270
-2.249548,53.515856
-2.239091,53.506799
-2.167188,53.472855
-2.211593,53.495435
-2.222315,53.527864
-2.175992,53.525155
-2.286495,53.381574
-2.245159,53.460855
-2.194777,53.444050
-2.261816,53.475471
-2.243469,53.455106
-2.225837,53.452714
-2.199350,53.456087
-2.191616,53.444235
-2.285359,53.413936
-2.229408,53.472662
-2.276740,53.407305
-2.205833,53.426594
-2.234985,53.418720
-2.277894,53.445863
-2.239626,53.467968
-2.209219,53.441868
-2.290094,53.358105
-2.199651,53.456176
-2.204535,53.469471
-2.219090,53.429267
-2.266202,53.429980
-2.240495,53.461854
-2.228196,53.471406
-2.249564,53.467228
-2.208205,53.449870
-2.226807,53.436892
-2.202978,53.459047
-2.254886,53.400163
-2.191327,53.447022
-2.220042,53.409490
-2.251531,53.443315
-2.257433,53.423437
-2.214557,53.455521
-2.207818,53.432433
-2.248617,53.459949
-2.302871,53.401309
-2.202515,53.425071
-2.222767,53.470337
-2.195773,53.431464
-2.220441,53.457488
-2.218429,53.446975
-2.217325,53.466662
-2.226617,53.457746
-2.229378,53.467179
-2.302856,53.399241
-2.236175,53.470491
-2.253954,53.470904
-2.225239,53.453524
-2.281439,53.412687
-2.252574,53.466772
-2.292688,53.407806
-2.271491,53.433384
-2.245200,53.468046
-2.222472,53.442833
-2.248183,53.462917
-2.241444,53.443246
-2.238188,53.453319
-2.267336,53.442831
-2.229912,53.454414
-2.202899,53.442419
-2.268285,53.402380
-2.271188,53.480304
-2.336642,53.525619
-2.270254,53.499362
-2.287087,53.491682
-2.348960,53.501135
-2.300050,53.491830
-2.382574,53.500583
-2.360952,53.510807
-2.251337,53.512346
-2.351502,53.516768
-2.271166,53.476889
-2.340306,53.512306
-2.325953,53.489066
-2.264983,53.476004
-2.286834,53.498964
-2.285277,53.491507
-2.311913,53.485868
-2.346512,53.515164
-2.392176,53.511877
-2.310380,53.502950
-2.249245,53.515677
-2.334618,53.517625
-2.421526,53.445622
-2.323485,53.521251
-2.351421,53.506971
-2.328879,53.516652
-2.392177,53.512057
-2.249396,53.515586
-2.348702,53.506349
-2.265760,53.503866
-2.257344,53.483391
-2.357723,53.485469
-2.280483,53.473182
-2.279992,53.512912
-2.430389,53.532869
-2.249693,53.514867
-2.253597,53.486815
-2.262125,53.501178
-2.340155,53.512216
-2.253446,53.486725
-2.346782,53.492782
-2.350290,53.497896
-2.413322,53.500031
-2.257494,53.483301
-2.034459,53.470540
-2.147151,53.472881
-1.990322,53.458770
-2.030561,53.495619
-2.099881,53.487941
-2.075451,53.479330
-2.099730,53.487851
-2.073952,53.483825
-2.103380,53.439400
-2.092356,53.492801
-2.100607,53.476255
-2.077284,53.493261
-2.080147,53.492360
-2.075399,53.450208
-2.137448,53.453927
-2.019087,53.456072
-2.088426,53.487141
-2.097614,53.484977
-2.161644,53.480593
-2.090093,53.491904
-2.092053,53.491992
-2.110183,53.450450
-2.106734,53.456386
-2.093862,53.492350
-2.074736,53.501172
-2.097916,53.485336
-2.027551,53.502721
-2.082516,53.470786
-2.068982,53.485356
-2.106136,53.458184
-2.096736,53.496752
-2.046944,53.453278
-2.071674,53.473220
-2.101650,53.471311
-2.050141,53.482759
-2.165403,53.478520
-2.090972,53.479769
-2.075543,53.446163
-2.094613,53.490822
-2.032383,53.513506
-2.107406,53.483980
-2.145291,53.457423
-2.027098,53.501552
-2.079309,53.447688
-2.211587,53.373102
-2.087275,53.367325
-2.143193,53.416079
-2.226594,53.396984
-2.106639,53.418274
-2.160615,53.407787
-2.171071,53.389436
-2.174391,53.392397
-2.129211,53.419151
-2.198184,53.399821
-2.157293,53.445094
-2.163917,53.366705
-2.218388,53.380370
-2.187119,53.380154
-2.151092,53.394856
-2.220485,53.378838
-2.122617,53.376372
-2.153543,53.407257
-2.162982,53.397357
-2.165871,53.405533
-2.208491,53.385511
-2.171188,53.418649
-2.159907,53.379564
-2.096697,53.413339
-2.230476,53.391853
-2.210944,53.395035
-2.120340,53.421587
-2.159909,53.420102
-2.105663,53.388973
-2.164042,53.360143
-2.166457,53.401487
-2.185498,53.387707
-2.143446,53.401697
-2.161411,53.419381
-2.201183,53.397838
-2.086318,53.414066
-2.105579,53.415579
-2.192926,53.400998
-2.149329,53.406723
-2.157300,53.447071
-2.216846,53.372733
-2.173431,53.415140
-2.188713,53.434712
-2.463507,53.567620
-2.537711,53.537108
-2.406335,53.604770
-2.461102,53.568618
-2.430359,53.589406
-2.538041,53.586902
-2.436207,53.570509
-2.419347,53.575782
-2.464257,53.580920
-2.399860,53.543221
-2.437228,53.581651
-2.498526,53.579433
-2.498643,53.550940
-2.411066,53.562778
-2.447025,53.565346
-2.447842,53.585476
-2.431879,53.605130
-2.379470,53.541221
-2.459866,53.579948
-2.438029,53.571401
-2.434465,53.577346
-2.459181,53.558558
-2.422844,53.563007
-2.420734,53.548183
-2.437982,53.566907
-2.443250,53.594122
-2.457939,53.569349
-2.422693,53.563007
-2.401201,53.557329
-2.435409,53.581028
-2.537941,53.590948
-2.436532,53.558014
-2.448376,53.564621
-2.475086,53.590315
-2.392813,53.548188
-2.536126,53.578821
-2.551728,53.605536
-2.444381,53.586748
-2.430500,53.588416
-2.459866,53.579948
-2.376897,53.540420
-2.445843,53.553485
-2.402781,53.580603
-2.385565,53.580930
-2.553569,53.572989
-2.431776,53.594973
-2.420344,53.584947
-2.441208,53.615702
-2.414692,53.578495
-2.409676,53.543907
-2.429000,53.589500
-2.432865,53.598115
-2.416795,53.577319
-2.482664,53.592442
-2.520023,53.546624
-2.434893,53.574828
-2.561417,53.595424
-2.390065,53.544692
-2.468019,53.565984
-2.594151,53.602366
-2.407611,53.580317
-2.370155,53.545924
-2.552084,53.598074
-2.439532,53.585327
-2.395683,53.580717
-2.432520,53.579151
-2.429344,53.548872
-2.433167,53.612855
-2.434893,53.574828
-2.386025,53.581647
-2.385017,53.570505
-2.471844,53.489118
-2.624951,53.549268
-2.525734,53.495994
-2.482121,53.491594
-2.461716,53.514056
-2.448773,53.502240
-2.592721,53.500175
-2.448292,53.499545
-2.543360,53.495196
-2.713854,53.531691
-2.626000,53.548813
-2.683304,53.508320
-2.533056,53.490838
-2.500601,53.524955
-2.605248,53.543526
-2.711958,53.517591
-2.481629,53.527999
-2.689320,53.572374
-2.621453,53.547488
-2.668454,53.589840
-2.585475,53.477649
-2.675054,53.586837
-2.603730,53.542905
-2.703827,53.545683
-2.651063,53.510028
-2.524154,53.502293
-2.609865,53.486785
-2.621302,53.547489
-2.622950,53.546671
-2.592090,53.573883
-2.686901,53.534906
-2.545078,53.523322
-2.599137,53.484772
-2.446779,53.513393
-2.640538,53.502085
-2.518854,53.500428
-2.483132,53.527544
-2.604945,53.543438
-2.484541,53.505606
-2.652924,53.523231
-2.500217,53.492418
-2.451445,53.498365
-2.631746,53.549501
-2.544572,53.519190
-2.547588,53.495716
-2.594903,53.483805
-2.608648,53.580631
-2.534468,53.483281
-2.587768,53.567163
-2.332508,53.402308
-2.308451,53.444889
-2.324062,53.419050
-2.384612,53.442601
-2.340044,53.423051
-2.321499,53.418338
-2.348065,53.391837
-2.331463,53.461276
-2.383774,53.399728
-2.316356,53.434891
-2.349680,53.387069
-2.289888,53.460486
-2.273888,53.454951
-2.257498,53.459032
-2.332358,53.402309
-2.343240,53.371537
-2.308278,53.462597
-2.353616,53.426517
-2.352906,53.431732
-2.324894,53.468845
-2.305294,53.466559
-2.337727,53.472404
-2.314966,53.450445
-2.356505,53.466058
-2.353814,53.450426
-2.365615,53.386751
-2.317599,53.460325
-2.303056,53.469621
-2.345504,53.391305
-2.316788,53.472731
-2.357865,53.430729
-2.321550,53.445034
-2.311813,53.451711
-2.267892,53.459458
-2.301717,53.450749
-2.352350,53.400903
-2.291215,53.456258
-2.318580,53.450525
-2.346385,53.407123
-2.359100,53.452208
-2.282376,53.463290
-2.378756,53.376643
-2.349009,53.470305
-2.385606,53.452664
-2.302282,53.445444
-2.374879,53.380251
-2.357548,53.464707
-2.340398,53.448487
-2.261100,53.457047
-2.279763,53.592549
-2.301211,53.549263
-2.351462,53.548317
-2.296271,53.555118
-2.276591,53.523346
-2.351292,53.564317
-2.276594,53.593096
-2.287385,53.535725
-2.308138,53.547178
-2.263470,53.523556
-2.304917,53.602914
-2.343276,53.581238
-2.286167,53.534110
-2.284432,53.590381
-2.308651,53.555446
-2.283700,53.593888
-2.297018,53.553948
-2.350103,53.548231
-2.271735,53.518773
-2.309556,53.596610
-2.280088,53.527473
-2.300387,53.582163
-2.314056,53.551477
-2.266513,53.599680
-2.295013,53.591164
-2.294568,53.549010
-2.301394,53.596182
-2.322730,53.560712
-2.360164,53.577773
-2.141926,53.622274
-2.130564,53.614647
-2.154166,53.620461
-2.111224,53.617992
-2.142192,53.611488
-2.181196,53.613322
-2.169415,53.615587
-2.189678,53.549762
-2.227040,53.565247
-2.121495,53.615106
-2.142546,53.626588
-2.211726,53.582443
-2.184272,53.556062
-2.168316,53.605342
-2.168397,53.625655
-2.165933,53.614243
-2.165933,53.614243
-2.152030,53.615071
-2.163534,53.619280
-2.220056,53.557710
-2.231657,53.581147
-2.156150,53.625672
-2.173063,53.620435
-2.211576,53.582533
-2.173297,53.603627
-2.221788,53.628983
-2.154724,53.607787
-2.231657,53.581147
-2.172586,53.614683
-2.154619,53.620461
-2.228981,53.589062
-2.215168,53.605896
-2.201406,53.540395
-2.157720,53.600503
-2.267668,53.591139
-2.095690,53.634005
-2.099794,53.642900
-2.146398,53.603933
-2.155045,53.613000
-2.151569,53.613094
-2.242741,53.591282
-2.059263,53.647780
-2.157613,53.612367
-2.181413,53.558224
-2.137101,53.626055
-2.207319,53.607797
-2.165121,53.522384
-2.120579,53.558750
-2.091341,53.580977
-2.097966,53.572343
-2.141366,53.545065
-2.160533,53.505762
-2.098577,53.575129
-2.096366,53.532616
-2.162957,53.508725
-2.127866,53.522520
-2.127158,53.537711
-2.156031,53.511430
-2.065303,53.542704
-2.097969,53.573602
-2.130847,53.510921
-2.075006,53.568405
-2.100969,53.565150
-2.097448,53.544120
-2.116446,53.538261
-2.126851,53.535913
-2.139636,53.523945
-2.096071,53.535942
-2.154593,53.530667
-2.132378,53.518290
-2.134864,53.541208
-2.115574,53.550396
-2.116719,53.527654
-2.152494,53.534176
-2.101355,53.536927
-2.131701,53.543099
-2.131429,53.552717
-2.120434,53.560998
-2.129539,53.527102
-2.148661,53.516923
-2.165641,53.500901
-2.112197,53.528827
-2.128833,53.542832
-2.160395,53.548816
-2.136986,53.544082
-2.142717,53.543086
-2.093499,53.532439
-2.089442,53.540352
-2.130690,53.508764
-2.094255,53.533157
-2.124757,53.542297
-2.112534,53.542399
-2.134825,53.528984
-2.103348,53.550228
-2.108466,53.544560
-2.152344,53.534356
-2.069571,53.568678
-2.119026,53.543292
-2.089387,53.585653
-2.167500,53.551773
-2.092020,53.546192
-2.131462,53.563233
-2.108315,53.544560
-2.175295,53.538998
-2.355339,53.488712
-2.114937,53.482355
-2.227361,53.540528
-2.385896,53.484573
-2.116765,53.489723
-2.305042,53.536310
-2.355187,53.488533
-2.469629,53.438701
-2.319480,53.530160
-2.272048,53.590949
-2.375995,53.506716
-2.311144,53.483802
-2.378845,53.505089
-2.352016,53.487823
-2.180173,53.408388
-2.378110,53.490260
-2.375076,53.488023
-2.389952,53.483211
-2.106889,53.458093
-2.338349,53.455954
-2.375298,53.479034
-2.268942,53.363458
-2.397890,53.477972
-2.238520,53.539338
-2.049960,53.457232
-2.112841,53.600913
-2.134040,53.471459
-2.311996,53.435532
-2.188469,53.583380
-2.177166,53.408842
-2.051165,53.457411
-2.364213,53.521763
-2.266338,53.547818
-2.279912,53.615110
-2.207315,53.576158
-2.376206,53.530535
-2.269739,53.394377
-2.376251,53.484514
-2.248511,53.544800
-2.598162,53.414450
-2.883802,53.273178
-2.343345,53.090878
-2.215189,53.348233
-2.959110,53.304597
-2.445069,53.100339
-2.723727,53.374456
-2.580420,53.389846
-2.642916,53.326280
-2.524153,53.055035
-2.919298,53.155007
-2.912778,53.155741
-2.505612,53.080815
-2.550624,53.377493
-2.538804,53.415200
-2.349505,53.198494
-2.340389,53.081367
-2.549197,53.341347
-2.535545,53.459960
-2.647642,53.430030
-2.706426,53.373544
-2.159935,53.266621
-2.337110,53.135535
-2.109930,53.236116
-2.917012,53.149515
-2.460788,53.102409
-2.590135,53.386688
-2.511260,53.399268
-2.241140,53.166043
-2.479751,53.403147
-2.493304,53.355182
-2.520445,53.426014
-2.191693,53.156784
-2.915586,53.172421
-2.151162,53.270336
-2.585117,53.392474
-2.257927,53.161738
-2.419138,53.058490
-2.893099,53.192548
-2.467978,53.098830
-2.596834,53.414169
-2.893406,53.194325
-2.488024,53.257226
-2.598172,53.414081
-2.237721,53.312999
-2.336353,53.287171
-2.335369,53.126982
-2.579903,53.368383
-2.323099,53.190496
-2.517427,53.452517
-2.978685,53.261542
-2.463305,53.327832
-2.921558,53.272325
-2.770391,53.379036
-2.366581,53.143682
-2.732787,53.370706
-2.056309,53.259677
-2.442580,53.057200
-2.593734,53.271425
-2.229563,53.112887
-2.507361,53.200290
-2.373367,53.301892
-2.896337,53.180568
-2.709620,53.336006
-2.825552,53.185583
-2.593542,53.391624
-2.571664,53.334499
-2.711322,53.001754
-2.444040,53.185936
-2.512643,53.256421
-2.881728,53.161377
-2.895589,53.191379
-2.764684,53.354982
-2.874092,53.263937
-2.519937,53.064267
-2.666421,53.149347
-2.127796,53.258579
-2.585549,53.415133
-2.369142,53.201778
-2.131465,53.262404
-2.612601,53.393226
-2.478353,53.181776
-2.755051,53.365039
-2.523784,53.057814
-2.514395,53.430939
-2.662351,53.316053
-2.540557,53.430041
-2.939011,53.229113
-2.898582,53.283620
-2.105570,53.302996
-2.199465,53.159127
-2.725439,53.341636
-2.392652,53.320158
-2.524790,53.183405
-2.148983,53.243085
-2.905569,53.292691
-2.436459,53.089296
-2.449342,53.193512
-2.619545,53.339087
-2.377753,53.305824
-2.595464,53.386095
-2.647449,53.384647
-2.529812,53.187787
-2.379049,53.365640
-2.620878,53.393642
-2.655488,53.212952
-2.739964,53.364235
-2.969809,53.238305
-2.919470,53.205759
-2.468081,53.117914
-2.244273,53.359080
-2.220559,53.338003
-2.591820,53.408459
-2.510787,53.382353
-2.379344,53.109259
-2.560069,53.407642
-2.133640,53.243534
-2.516594,53.403784
-2.748782,53.332377
-2.431061,53.198955
-2.520093,53.234231
-2.377656,53.145031
-2.702874,53.312081
-2.920134,53.179416
-2.672246,53.381175
-2.558034,53.082657
-2.138495,53.257596
-2.949858,53.238664
-2.533687,53.431897
-3.047865,53.299877
-2.478081,53.377671
-2.860698,53.264403
-2.612073,53.395180
-2.503858,53.218139
-2.523256,53.256501
-2.984171,53.264760
-2.796550,53.083816
-2.957377,53.300233
-2.576376,53.406557
-2.587554,53.392525
-2.214653,53.334184
-2.892807,53.192919
-2.670992,53.348274
-2.568977,53.398827
-2.389154,53.148509
-2.702634,53.312092
-2.337782,53.175498
-2.478596,53.100047
-2.227591,53.333055
-2.871975,53.271916
-2.733219,53.367000
-2.153287,53.252598
-2.608621,53.413534
-2.914558,53.153668
-2.907395,53.277630
-2.879122,53.199268
-2.439994,53.094757
-2.375467,53.305184
-2.339439,53.068883
-2.461000,53.011825
-3.052941,53.303724
-2.716724,53.341446
-2.338643,53.153652
-2.890149,53.195357
-2.756395,53.363736
-2.628711,53.415974
-2.357397,53.168339
-2.664074,53.448151
-2.719140,53.303795
-2.526082,53.176514
-2.501053,53.435490
-2.597503,53.429626
-2.395488,53.107175
-2.361974,53.278376
-3.058310,53.290840
-2.372095,53.184843
-2.471660,53.098160
-2.917085,53.149433
-2.509866,53.368137
-2.883992,53.192957
-2.514262,53.057568
-2.887851,53.189917
-2.595702,53.408485
-2.525872,53.438952
-2.512087,53.077992
-2.739576,53.369586
-2.886894,53.196469
-2.228127,53.334941
-2.574904,52.979551
-2.559077,53.377921
-2.880010,53.219936
-3.043242,53.294883
-2.370949,53.145781
-2.579576,53.014784
-2.489038,53.377518
-2.700222,53.166430
-2.738743,53.340575
-2.568755,53.238827
-2.404703,53.364225
-2.917646,53.268886
-2.438912,53.110249
-2.562193,53.074152
-2.707008,53.201618
-2.537171,53.382354
-2.836429,53.208546
-2.503276,53.217009
-2.463490,53.272901
-2.738606,53.339632
-3.056194,53.299920
-2.503597,53.217520
-2.665639,53.086257
-2.251337,53.139747
-2.094820,53.253109
-2.734405,53.370454
-2.601686,53.266405
-2.497754,53.287073
-2.860952,53.192704
-2.476648,53.080611
-2.421052,53.092516
-2.664780,53.442259
-2.688264,53.343376
-2.443618,53.091355
-2.560223,53.407938
-2.636069,53.387764
-2.123941,53.345756
-2.236730,53.220722
-2.371121,53.212415
-2.448593,53.097413
-2.341643,53.083314
-2.521961,53.433063
-2.668502,53.436755
-2.579455,53.367522
-2.722946,53.259043
-2.721616,53.363395
-2.404804,53.305160
-2.560041,53.407768
-2.427183,53.355122
-2.691099,53.309741
-2.287990,53.306785
-2.399695,53.066341
-2.125325,53.244101
-2.273939,53.266369
-2.593288,53.386367
-2.406014,53.234980
-2.447322,53.352945
-2.438765,53.180778
-2.367266,53.180193
-2.915442,53.277308
-2.732616,53.370420
-2.703624,53.343951
-2.893600,53.194315
-2.536725,53.398275
-2.894409,53.226697
-2.658857,53.148517
-2.548101,53.313298
-2.444890,53.103189
-2.335414,53.121175
-2.695208,53.317816
-2.135279,53.359154
-2.594225,53.405086
-2.883403,53.270520
-2.638731,53.386824
-2.578824,53.414060
-2.245230,53.326844
-2.488626,53.436009
-2.611823,53.241373
-2.572858,53.396624
-2.579843,53.368419
-2.539431,53.376789
-2.523117,53.064316
-2.411933,53.327005
-2.651136,53.320878
-2.721728,53.365596
-2.604559,53.405088
-2.544586,53.427300
-2.430286,53.196225
-2.942084,53.281037
-2.676175,53.163935
-2.379253,53.121035
-2.377183,53.219012
-2.706923,53.311851
-2.117640,53.348540
-2.435892,53.089316
-2.592119,53.395280
-2.893694,53.208176
-2.603913,53.413666
-2.547027,53.244529
-2.614385,53.129357
-2.666381,53.325217
-2.416041,53.317139
-2.646968,53.399544
-2.039011,53.358353
-2.897275,53.194000
-2.558490,53.337627
-2.823387,53.172573
-2.502467,53.351135
-2.924952,53.244748
-2.366873,53.179763
-2.445882,53.093693
-2.512156,53.100150
-2.510474,53.359990
-2.591726,53.399525
-2.596889,53.415886
-2.463534,53.104933
-2.896524,53.157977
-2.766864,53.280558
-2.239990,53.273381
-2.437916,53.123871
-2.017409,53.258925
-2.726505,53.295670
-2.599259,53.387586
-2.612178,53.395179
-3.062524,53.290173
-2.452847,53.417750
-2.515538,53.190547
-2.499137,53.435076
-2.233824,53.325061
-2.438929,53.183708
-2.332235,53.115863
-2.716889,53.291242
-2.591304,53.414583
-2.716693,53.342282
-2.660667,53.145649
-2.477567,53.380019
-2.521689,53.065994
-2.377890,53.305994
-2.333071,53.285580
-2.201562,53.347627
-2.377107,53.218877
-2.465144,53.094931
-2.944761,53.283416
-2.942758,53.285787
-2.161436,53.235509
-2.584379,53.361638
-2.698399,53.085458
-2.595705,53.386085
-2.557943,53.411840
-2.767303,53.135858
-2.602132,53.388767
-2.334798,53.172603
-2.887394,53.201112
-2.531474,53.253157
-2.556853,53.426290
-2.350376,53.268595
-2.566757,53.381156
-2.563986,53.393331
-2.945451,53.284112
-2.313724,53.095391
-2.586897,53.412484
-2.763256,53.197622
-2.817976,53.237296
-2.559113,53.411583
-2.732931,53.370364
-2.361259,53.145478
-2.507817,53.360181
-2.468023,53.101572
-2.534249,53.195588
-2.449797,53.094001
-2.944945,53.234640
-2.224443,53.199568
-2.899341,53.289044
-2.573457,53.403201
-2.877590,53.266392
-2.491787,53.253345
-2.477670,53.104113
-2.594727,53.400067
-2.664253,53.313867
-2.565193,53.415186
-2.338381,53.315992
-2.150992,53.286067
-2.825254,53.258864
-2.398867,53.296065
-2.388910,53.214138
-2.361067,53.307790
-2.671319,53.313638
-2.798835,53.334965
-2.729437,53.210616
-2.480407,53.378587
-2.608098,53.397978
-2.739038,53.371549
-2.156367,53.156009
-2.571453,53.066701
-2.398734,53.233513
-2.768844,53.273903
-2.337655,53.142185
-2.517694,53.191877
-2.884471,53.191480
-2.207096,53.352040
-2.370651,53.164982
-2.122291,53.257578
-2.723861,53.294607
-2.453226,53.194171
-2.408822,53.078275
-2.505206,53.387114
-2.959321,53.145855
-2.586465,53.389870
-2.376355,53.360039
-2.513170,53.397947
-2.589696,53.381009
-2.732382,53.380435
-2.857451,53.207004
-2.235511,53.323323
-2.900925,53.273787
-2.170111,53.231829
-2.407637,53.235478
-2.554761,53.030104
-2.351451,53.291756
-2.717401,53.389757
-2.892457,53.195492
-2.454920,53.245267
-2.594017,52.996168
-2.589184,53.112692
-2.856841,53.193731
-2.509901,53.367337
-2.715885,53.208730
-2.827513,53.181749
-2.723265,53.364949
-2.393653,53.151640
-2.562193,53.074107
-2.981621,53.252277
-2.518587,53.404431
-2.458810,53.209745
-2.921887,53.154421
-2.215166,53.349572
-2.892210,53.195134
-2.449832,53.085857
-2.426630,53.174826
-2.667882,53.242501
-2.375050,53.305608
-2.358152,53.292923
-2.183023,53.259514
-2.286494,53.098965
-2.621503,53.329189
-2.490809,53.192782
-2.826298,53.010179
-2.542112,53.188883
-2.405969,53.234971
-2.506958,53.434566
-2.485427,53.096567
-2.910545,53.256499
-2.399823,53.154164
-2.843702,53.195380
-2.739280,53.341210
-2.512908,53.258586
-2.237442,53.319579
-2.418201,53.301707
-2.916951,53.149461
-2.728258,53.259389
-2.498715,53.478744
-2.418376,53.135295
-2.446620,53.100108
-2.761979,53.365903
-2.133366,53.266133
-2.502667,53.262163
-2.901127,53.279808
-2.119846,53.256646
-2.726934,53.295317
-2.595145,53.440811
-2.470405,53.100879
-2.511979,53.397763
-2.456871,53.104797
-3.006416,53.290103
-2.429067,53.316841
-2.215452,53.346767
-2.223635,53.328828
-1.415486,54.893937
-1.633405,55.041544
-1.476073,55.009265
-1.603665,54.969426
-1.606540,54.975717
-1.688712,54.998474
-1.607236,54.953954
-1.423142,54.879649
-1.475714,54.964835
-1.604550,54.982693
-1.577962,55.177063
-2.020650,54.907129
-2.095678,54.970330
-1.482590,54.938993
-1.641426,54.956414
-1.578455,55.064694
-1.516229,55.033766
-1.530413,54.912417
-1.642212,54.973329
-1.556197,55.127805
-1.678554,55.135001
-1.586709,55.024941
-1.688005,54.960586
-1.402629,54.919845
-1.444517,55.011731
-1.408187,54.898350
-1.389975,54.904460
-1.620544,54.968482
-1.621493,54.948940
-1.389463,54.901196
-1.444822,54.898954
-1.517921,55.004900
-1.699944,54.972146
-1.505422,54.980057
-1.614864,54.990670
-1.677901,54.923501
-1.607897,54.955017
-1.583215,55.028541
-1.457074,54.894669
-1.574917,54.925548
-1.574370,54.977424
-1.507774,55.007474
-1.662506,55.010500
-1.615224,54.956289
-1.590642,54.998148
-1.412824,54.890401
-1.496464,54.866639
-1.573198,55.224672
-1.509652,54.965022
-1.673353,54.993842
-1.384508,54.902977
-2.111659,54.970711
-1.584810,54.937633
-1.390397,54.906457
-1.433230,54.810509
-1.537359,54.899781
-1.568290,55.011128
-1.596578,54.972009
-1.853709,54.962830
-1.477820,54.959012
-1.459910,54.906436
-1.576108,54.942931
-1.782577,54.941193
-1.593340,54.958572
-1.455552,54.817818
-1.683610,54.975393
-1.713917,54.964622
-1.710221,55.461847
-1.615829,55.002615
-1.468242,54.977186
-1.574981,54.978711
-1.485713,55.000122
-1.555204,55.061853
-1.615876,54.958376
-1.570091,54.952382
-1.690659,54.981154
-1.684507,54.982504
-1.897885,54.946934
-1.389084,54.927290
-1.624694,54.953902
-1.523841,54.912876
-1.493632,54.998098
-2.124045,55.025973
-1.675344,54.973646
-1.583931,55.000138
-1.403510,54.892980
-1.452773,54.816161
-1.573898,54.905379
-1.683300,54.955155
-1.469925,54.966832
-1.796205,55.572127
-1.663188,54.945828
-1.566464,54.994829
-1.596591,55.089207
-1.443023,54.898272
-1.617116,54.974133
-1.584781,54.937444
-1.492908,54.978657
-1.609109,54.981431
-1.718032,54.961217
-1.933688,55.010419
-1.596657,54.953237
-1.550661,54.969763
-1.667078,55.002218
-1.583025,54.909544
-1.673816,54.992612
-1.510135,54.974100
-1.616350,54.929864
-1.444742,54.865092
-1.578772,55.009125
-1.623169,54.965040
-1.622020,54.942597
-1.469960,55.015152
-1.614937,55.041846
-1.841992,54.963768
-1.620512,54.968509
-1.383873,54.883248
-1.523478,54.992449
-1.539877,54.901831
-1.652047,55.309784
-1.576299,54.942591
-1.801237,55.139261
-1.566926,55.162314
-1.773352,54.954970
-1.727065,55.353762
-1.834103,54.990725
-1.589928,54.979229
-1.463809,54.978020
-1.670863,54.979071
-1.687107,55.170580
-1.424754,54.902168
-2.099307,54.972429
-1.630769,54.941878
-1.922099,55.471698
-1.622749,54.971455
-1.583728,54.938195
-1.648908,55.022476
-1.586225,55.024840
-1.532519,55.034872
-1.616947,54.972173
-1.555440,55.128153
-1.693563,55.073754
-1.386877,54.932851
-1.643356,54.957139
-1.447249,54.824116
-1.443856,55.045957
-1.532645,55.170536
-1.699587,55.410586
-1.618902,55.181295
-1.644101,55.014123
-1.618173,54.961493
-1.539503,55.043894
-1.545599,55.001655
-1.642652,55.163036
-1.698193,55.111903
-1.496780,55.008930
-1.435631,54.988596
-1.755910,55.029935
-1.842682,54.963005
-1.695669,54.992237
-1.460449,55.036353
-1.535601,55.022725
-1.448983,54.867107
-1.382809,54.914120
-1.382680,54.914407
-1.706943,55.413272
-1.603068,55.151816
-1.429864,54.995237
-1.521829,55.131108
-1.453999,55.022791
-1.599396,54.972953
-1.598767,54.907548
-1.416861,55.000558
-1.574482,54.977199
-1.600948,54.964601
-1.591018,55.044150
-1.532631,55.171668
-1.457630,54.890358
-1.586215,54.939120
-1.584688,54.937372
-1.792715,55.566236
-1.616460,54.995419
-1.559579,55.099745
-1.561636,54.974611
-1.638841,54.988703
-1.496331,54.981071
-1.434593,55.035769
-1.637096,54.967257
-1.425982,54.982476
-1.457676,54.890448
-1.668843,54.954865
-1.608726,54.969397
-2.036782,55.100139
-1.581809,55.088429
-2.231822,54.820119
-1.706761,54.988490
-1.664084,54.997636
-1.629229,54.968410
-1.621772,54.967372
-1.591347,55.131756
-1.673792,55.001374
-1.903260,54.944988
-1.615591,54.965286
-1.440392,54.974419
-1.546532,54.882751
-1.512655,55.129679
-1.606465,54.973784
-1.411493,54.951799
-1.547328,54.974424
-1.716922,55.156842
-1.660750,55.150022
-1.653660,54.968222
-1.425923,54.996503
-1.439144,55.043761
-1.572724,55.138225
-1.620305,55.003780
-1.436225,54.996416
-1.754754,55.050071
-1.383299,54.912703
-1.577304,54.968762
-1.492387,54.981549
-1.401895,54.902030
-1.724546,55.164129
-1.676106,54.966360
-1.474524,54.965064
-1.712251,55.201922
-1.468128,54.969206
-1.438680,54.929102
-1.695471,55.166935
-1.615813,55.002624
-1.783409,55.004341
-1.534003,54.994565
-1.628571,54.968633
-1.971276,54.968324
-1.567732,54.955348
-1.615095,54.971485
-1.405035,54.897418
-1.685026,54.992084
-1.607651,54.980375
-1.724468,55.164120
-1.531223,55.002436
-1.713932,54.964649
-1.408110,54.898223
-1.620940,55.088988
-1.600385,54.961462
-2.274957,55.141493
-1.636399,54.978802
-1.622753,54.932688
-1.478694,54.832253
-1.605377,54.985930
-1.434902,54.807740
-1.499062,55.105532
-1.570806,55.000982
-1.615628,54.995767
-1.550774,55.045005
-1.497630,55.012187
-1.679252,54.945898
-1.576434,55.064786
-1.626614,55.056638
-1.467548,55.011888
-1.474938,54.848188
-1.586562,54.975345
-1.461346,54.908662
-1.500246,54.877133
-1.430886,54.985994
-1.622100,54.974095
-1.547250,54.939619
-1.414324,54.971816
-1.681597,54.975136
-1.377252,54.899229
-1.604967,54.959222
-1.436287,54.996435
-1.689595,55.141247
-1.780395,54.969172
-1.691064,55.072894
-1.656289,54.989688
-1.459584,54.890007
-1.963513,54.967873
-1.596666,54.985039
-2.122191,55.713024
-1.710847,55.263472
-1.779000,55.271450
-1.690956,54.987193
-1.579333,54.897139
-1.622115,55.024121
-1.558700,55.185190
-1.486791,54.970697
-1.492406,54.867269
-1.430296,54.985695
-1.657902,54.993009
-1.763615,55.055075
-1.373299,54.894733
-1.596765,54.931490
-1.422749,54.980241
-1.539452,54.966441
-1.553318,55.021659
-1.420417,54.866462
-1.526420,55.031928
-1.514823,54.945425
-1.692648,54.984564
-1.534264,55.023331
-1.456599,55.008659
-1.585434,55.130263
-1.381015,54.926333
-1.606990,55.159889
-1.376049,54.897371
-1.506749,54.899724
-1.433827,54.917954
-1.694739,55.250394
-1.539175,55.186906
-1.432728,54.881869
-1.656286,54.989985
-1.695929,54.982632
-1.684589,54.962159
-1.656476,54.991621
-1.790010,55.114360
-1.577222,54.987049
-1.424670,54.885084
-1.452564,55.009863
-1.585197,54.938011
-1.558994,55.100201
-1.572093,54.907880
-1.590521,54.913236
-1.435812,55.009166
-1.660072,54.976579
-1.608242,55.336303
-1.614764,54.996223
-1.582323,55.334995
-1.953683,54.917798
-1.521891,54.912824
-1.648907,54.947315
-1.384727,54.908028
-1.488134,54.998991
-1.623262,54.968473
-1.639541,54.968127
-1.613666,54.985265
-1.669557,55.008812
-1.613490,54.971003
-1.620732,54.968411
-1.639630,54.947683
-1.561852,55.141206
-1.643773,54.955801
-2.119320,55.622385
-2.091530,54.980631
-1.633675,55.053218
-1.606016,54.971734
-1.612135,54.968959
-1.630808,55.065313
-1.613599,55.227978
-1.603766,54.952739
-1.609896,55.096915
-1.660495,54.970946
-1.693243,54.955729
-1.666461,55.001219
-1.473419,54.938504
-1.573504,54.978032
-1.415661,54.903391
-1.799038,55.127306
-1.575517,54.878946
-1.443871,54.979288
-1.601163,54.983832
-1.474266,54.965692
-1.846729,55.592867
-1.572854,55.183389
-1.568663,54.948603
-2.155084,55.047369
-1.574706,55.167248
-1.450237,55.005107
-1.627888,54.995185
-1.556151,54.964859
-1.671997,54.945295
-1.603221,54.965327
-2.205925,55.643879
-1.519738,54.974471
-1.616192,54.995697
-1.531634,55.130876
-1.734109,55.500556
-1.444837,54.865003
-1.548074,54.976116
-1.606604,54.953125
-1.481847,54.978629
-1.804029,54.959588
-1.601402,55.007035
-1.619349,54.962611
-1.666364,55.159841
-1.567710,55.131962
-1.623572,54.940248
-1.696864,54.958021
-1.943100,55.011044
-1.657744,54.989540
-1.606909,54.974667
-1.375385,54.893935
-1.418765,54.888147
-1.449887,54.815537
-1.444509,54.945520
-1.506261,54.952418
-1.528794,54.989549
-1.532974,54.992962
-1.452717,55.045700
-1.585012,55.019660
-1.555207,54.948455
-1.612112,54.977918
-1.800837,54.960706
-1.662863,54.930613
-1.569969,55.184395
-1.492804,54.969608
-1.527854,55.073683
-1.743018,55.054629
-2.176349,55.231265
-1.576651,55.065011
-1.455114,55.024755
-1.552068,55.045459
-1.440614,54.861641
-1.575123,55.094031
-2.388586,55.166174
-1.577586,54.895677
-1.578806,54.992446
-1.587917,54.905463
-1.563744,55.143253
-1.437405,54.860538
-1.766055,54.972129
-1.637695,54.989302
-1.547239,54.986501
-1.449880,55.004881
-1.566571,55.186440
-1.581786,54.940291
-1.635945,55.065185
-1.496051,55.047083
-1.580826,55.198918
-1.472860,54.965749
-1.571625,54.952028
-1.428068,54.991867
-2.184329,54.991695
-1.522670,55.027600
-1.581677,54.991396
-1.634752,54.939833
-1.384796,54.978168
-1.784281,54.961092
-1.567044,55.106493
-1.621669,54.968423
-1.400455,54.912888
-1.592189,55.024420
-1.614667,54.976965
-1.597009,54.985130
-1.533120,55.171526
-1.654744,54.983897
-1.498051,54.843020
-1.670935,54.975971
-1.551338,54.951002
-1.561641,55.103167
-2.179799,55.638888
-1.585434,55.086348
-1.576157,55.070284
-1.562693,54.927634
-1.384656,54.918821
-1.735460,55.049446
-1.690223,54.968671
-1.543249,54.953839
-1.450852,54.870638
-1.635492,54.946017
-1.512621,55.006182
-1.524144,55.131620
-1.607960,54.974230
-1.402492,54.919611
-1.409930,54.918838
-1.736188,54.955102
-1.617323,54.932626
-1.647701,55.193872
-1.656720,54.990408
-1.881198,55.036493
-1.564897,55.106459
-1.586101,55.087015
-1.463986,54.834310
-1.644368,54.980434
-1.640579,54.979605
-1.443019,55.045360
-1.406130,54.919404
-1.404301,54.866833
-1.612215,54.968825
-1.590881,54.988471
-1.419379,54.897532
-1.690554,54.998829
-1.639117,54.989261
-1.747743,54.940227
-2.073365,55.757225
-1.610336,54.975738
-1.601715,54.970660
-1.567798,54.994367
-1.839990,55.003736
-1.681623,55.159361
-1.430988,54.884772
-1.574084,55.028024
-1.833978,54.990698
-1.530668,54.909236
-1.694555,54.984533
-1.526742,55.003290
-1.385313,54.903376
-1.570936,54.981527
-1.370603,54.898637
-1.712314,55.201841
-1.529377,54.886244
-1.666161,54.969551
-1.673561,54.966165
-1.415259,54.898851
-1.507971,55.006657
-1.455288,54.931119
-2.111849,54.994327
-1.497205,55.011134
-1.539896,54.989088
-1.603925,54.981046
-1.418030,54.888296
-1.532993,55.171669
-1.991687,55.143987
-1.576147,54.924375
-1.506604,54.901377
-1.495044,54.840617
-1.606899,55.473545
-1.639720,55.557184
-1.537899,55.021395
-1.537183,55.190772
-1.623172,54.968005
-2.099114,54.970147
-1.847419,54.961762
-1.519065,54.924881
-1.400071,54.898840
-1.511026,55.119275
-1.566983,55.125139
-1.444399,55.042859
-1.667298,55.002129
-1.504682,55.027420
-1.617241,54.974115
-1.360322,54.868434
-1.692993,54.970044
-1.637738,55.012244
-1.585976,55.096054
-1.655981,55.016556
-1.504341,55.036073
-1.571243,54.976191
-1.452252,54.821362
-1.570782,54.975434
-1.625387,54.943156
-1.592187,55.040056
-1.463824,54.888848
-1.578180,55.007478
-1.590020,54.971735
-1.690336,54.982402
-1.624454,55.175355
-1.621648,55.022161
-1.580995,55.040377
-1.581031,54.991942
-1.419595,54.878122
-1.446644,54.927539
-1.472251,54.830904
-1.628424,54.960850
-2.126972,55.651354
-1.840389,55.347987
-2.000464,55.532895
-1.552537,55.132546
-1.552346,55.128564
-1.623141,54.968014
-1.619453,54.973125
-2.077537,55.064886
-1.554701,54.930687
-1.552584,55.132519
-1.558554,54.975004
-1.563624,54.951146
-1.579729,55.065669
-1.418648,55.001267
-1.598963,54.978828
-1.405308,54.885260
-2.180089,55.171638
-1.614540,54.924988
-1.688607,54.967669
-1.667229,54.972573
-1.685338,54.946157
-1.534120,54.992526
-1.538411,54.946829
-1.694743,54.965860
-1.461823,54.948941
-1.582196,54.905192
-1.614434,55.087719
-1.635040,55.057984
-1.452733,55.045719
-1.663851,54.997464
-2.023408,54.983197
-1.419869,54.989249
-1.692913,54.960042
-1.587565,54.996358
-1.365939,54.966227
-1.566550,54.927387
-1.437836,54.979539
-1.460622,55.008326
-1.683374,54.995432
-1.602134,54.950442
-1.577978,55.183003
-2.085506,55.735410
-1.418062,54.976974
-1.615349,54.971063
-1.460051,55.007757
-1.440004,54.983188
-1.658760,55.160746
-2.099223,54.970156
-1.509538,55.006430
-1.563489,54.901648
-1.407088,54.922194
-1.452483,55.053742
-1.628024,55.026170
-2.011822,55.166604
-2.103932,54.972857
-1.649915,54.946239
-1.761364,54.972848
-2.110219,54.969859
-1.750810,54.971838
-1.492320,55.006719
-1.614907,54.950303
-1.576056,55.161313
-1.658102,54.989612
-1.594083,55.084714
-1.633794,55.179031
-1.608565,54.921653
-1.682296,54.945888
-1.598366,54.974423
-1.588948,54.920608
-1.622964,55.028626
-1.545386,55.001079
-1.419031,54.888094
-1.594586,55.039534
-1.475920,54.964612
-1.565579,55.104296
-1.582028,55.013251
-1.414187,54.886759
-1.673902,55.016650
-1.557593,54.952966
-1.406001,54.914434
-1.499765,54.900819
-1.721449,54.957235
-1.596014,54.951985
-1.758546,54.942559
-1.616270,54.995661
-1.453875,55.008916
-1.440673,55.032867
-1.446201,55.039327
-1.602988,54.966782
-1.554602,54.952344
-1.616135,55.181718
-1.562171,55.021674
-1.673466,54.781126
-1.522332,54.730372
-1.508234,54.811042
-1.483153,54.789011
-1.523024,54.794458
-1.497745,54.787365
-1.588533,54.808223
-1.559324,54.778734
-1.579331,54.777457
-1.597640,54.788923
-1.588443,54.809454
-1.610983,54.769367
-1.641164,54.741745
-1.585612,54.780507
-1.573888,54.768784
-1.585490,54.726974
-1.527151,54.735298
-1.532837,54.786445
-1.610129,54.758005
-1.645601,54.777956
-1.583384,54.777894
-1.539316,54.708807
-1.517731,54.733436
-1.539942,54.775553
-1.630815,54.747304
-1.603707,54.764841
-1.616219,54.753199
-1.549496,54.785959
-1.578530,54.800676
-1.647175,54.779354
-1.566466,54.778212
-1.579662,54.779984
-1.499746,54.811691
-1.572354,54.777127
-1.588211,54.804699
-1.591784,54.816079
-1.539961,54.779372
-1.588506,54.806273
-1.356833,54.766426
-1.346282,54.753743
-1.358076,54.759567
-1.259791,54.727805
-1.349712,54.761742
-1.314721,54.701536
-1.313672,54.699292
-1.314776,54.760840
-1.317086,54.761203
-1.295155,54.748856
-1.379208,54.733301
-1.451380,54.745502
-1.315060,54.701664
-1.411659,54.719785
-1.324642,54.774079
-1.357744,54.761875
-1.337220,54.759670
-1.332590,54.838027
-1.350531,54.841620
-1.352564,54.841091
-1.358290,54.775519
-1.384253,54.789745
-1.347218,54.778633
-1.332523,54.837334
-1.375288,54.810449
-1.318672,54.784290
-1.383931,54.822230
-1.372263,54.852024
-1.345903,54.785950
-1.574953,54.870264
-1.630018,54.821153
-1.578277,54.851916
-1.573857,54.859000
-1.610710,54.872378
-1.604329,54.873095
-1.595156,54.849196
-1.608024,54.858459
-1.626163,54.817295
-1.577527,54.852156
-1.585641,54.859759
-1.563083,54.865629
-1.652143,54.876134
-1.521187,54.841954
-1.584102,54.839822
-1.720054,54.906234
-1.704874,54.877092
-1.725913,54.872459
-1.744238,54.887290
-1.680714,54.887455
-1.722177,54.860597
-1.731678,54.856162
-1.732169,54.852532
-1.697586,54.868015
-1.682969,54.872211
-1.698072,54.867558
-1.693379,54.872148
-1.736654,54.857448
-1.744285,54.887273
-1.830217,54.852053
-1.834636,54.853047
-1.670664,54.796827
-1.823961,54.886839
-1.668538,54.786756
-1.793992,54.857721
-1.770400,54.837271
-1.719210,54.787513
-1.839712,54.810243
-1.669577,54.787073
-1.831227,54.848990
-1.790742,54.847696
-1.709251,54.823229
-1.829385,54.864713
-1.840695,54.856991
-1.743621,54.822344
-1.838748,54.849171
-1.824123,54.853050
-1.740706,54.820685
-1.679680,54.647790
-1.678521,54.661168
-1.703047,54.637416
-1.670970,54.649726
-1.678187,54.652387
-1.677263,54.653598
-1.712109,54.655141
-1.677379,54.654542
-1.689724,54.647528
-1.681128,54.642878
-1.756132,54.597543
-1.677839,54.664986
-1.690901,54.641492
-1.686769,54.638858
-1.743489,54.715297
-1.747253,54.716661
-1.732677,54.681133
-1.814263,54.744596
-1.782790,54.704221
-2.195395,54.740770
-2.022013,54.693216
-1.696944,54.712269
-2.154454,54.737126
-1.737981,54.700520
-1.915304,54.545590
-2.072748,54.599914
-2.179566,54.589540
-1.855030,54.563678
-1.923302,54.591536
-2.006496,54.672306
-2.079213,54.510168
-1.844864,54.622331
-1.578453,54.533949
-1.538377,54.523405
-1.667204,54.598518
-1.554121,54.547387
-1.621905,54.515912
-1.542345,54.534654
-1.523060,54.531829
-1.552803,54.526596
-1.571142,54.528163
-1.546776,54.523886
-1.598937,54.518948
-1.570411,54.534541
-1.534715,54.523391
-1.556746,54.537727
-1.540245,54.513850
-1.523951,54.544262
-1.546329,54.523759
-1.532608,54.518503
-1.551766,54.506973
-1.506815,54.542486
-1.596723,54.561772
-1.538256,54.516269
-1.557977,54.535386
-1.579489,54.533881
-1.571372,54.517991
-1.519888,54.521680
-1.619697,54.522493
-1.596663,54.561628
-1.554382,54.524912
-1.610827,54.599069
-1.592879,54.556430
-1.552718,54.530064
-1.547594,54.546321
-1.595110,54.556015
-1.622225,54.518133
-1.506954,54.542432
-1.560696,54.525384
-1.547561,54.546518
-1.554727,54.538591
-1.528237,54.541250
-1.546923,54.551108
-1.553889,54.523338
-1.648560,54.626414
-1.436355,54.683038
-1.454638,54.663675
-1.518430,54.642970
-1.647307,54.644150
-1.432079,54.652679
-1.613829,54.630280
-1.454591,54.663674
-1.465433,54.678650
-1.454623,54.663639
-1.454577,54.663620
-1.425547,54.680642
-1.454592,54.663657
-1.415059,54.636655
-1.560023,54.583644
-1.597072,54.681711
-1.577521,54.642175
-1.620895,54.689957
-1.597118,54.681675
-1.561967,54.662079
-1.527437,54.710684
-1.636733,54.705714
-1.558802,54.688093
-1.574162,54.683385
-1.500252,54.673433
-2.286286,54.274554
-1.441380,54.444270
-1.020240,53.962569
-1.066575,53.982406
-1.104248,53.918086
-1.133921,53.941709
-1.996168,53.968548
-1.441960,54.345925
-1.522384,53.994626
-1.300682,53.774467
-1.548692,54.003517
-1.347548,54.255857
-1.593374,54.222892
-1.537927,53.991846
-0.931532,54.161950
-0.345609,54.230425
-0.404767,54.260678
-1.054179,53.962823
-0.399589,54.280995
-1.083302,53.976225
-2.168291,54.075805
-0.602833,54.173506
-1.063059,53.777933
-1.114953,53.924511
-0.419987,54.200296
-0.697894,54.505999
-1.328720,54.223273
-1.047445,53.947292
-1.485407,54.096295
-0.859529,54.144841
-1.279659,53.759817
-1.547149,53.962869
-2.217916,54.311644
-1.161491,53.693794
-0.414482,54.291986
-1.029765,53.988235
-1.044807,53.984734
-1.182697,53.695217
-1.336862,54.049973
-0.910538,54.087710
-1.057329,53.960313
-2.251073,54.016549
-0.428129,54.293909
-1.817440,54.493278
-1.192085,54.469957
-0.407204,54.275118
-1.741587,53.972890
-1.310305,53.864970
-1.020299,53.982154
-1.888700,53.985762
-1.508635,54.146641
-1.301107,53.873069
-0.457620,54.324193
-1.335732,54.134200
-0.944193,53.989231
-1.027489,53.727351
-1.079612,53.924318
-1.141179,54.489234
-1.119950,53.943225
-1.991684,53.901130
-1.143652,53.972419
-1.090389,54.147696
-2.042586,53.909769
-0.747252,54.463649
-1.075604,53.950649
-1.656444,53.970772
-1.346214,54.179977
-1.073918,53.964864
-1.134904,53.961930
-0.683301,54.368921
-1.062597,53.762568
-0.650070,54.235442
-0.880935,54.094709
-2.202278,54.304167
-1.566375,54.299568
-0.799570,54.257219
-1.560882,53.938203
-1.091240,53.955469
-1.571408,53.933667
-1.365325,53.975169
-1.560881,53.938257
-1.320770,54.379537
-1.096510,53.952057
-1.091806,53.958179
-1.089563,53.957577
-1.144904,53.765709
-1.065836,53.967049
-1.123925,53.957815
-1.235238,53.954584
-1.085044,53.961426
-1.980879,53.969184
-0.402919,54.275924
-0.977562,53.968784
-0.937903,53.990092
-1.514340,54.025287
-0.933655,53.762578
-1.000580,54.008345
-0.763991,54.186709
-1.085917,53.960561
-1.193619,54.119608
-1.076600,53.962134
-1.102155,53.986506
-1.121861,53.950897
-1.266639,53.998416
-1.089683,53.954873
-1.730716,54.409627
-1.769168,54.347183
-0.998639,53.882495
-1.319834,54.396104
-1.109996,53.989997
-2.059535,53.882322
-1.152646,53.920586
-1.541760,53.991474
-1.535212,54.214944
-2.090488,53.999943
-1.154936,53.919532
-0.995108,53.956115
-1.448644,53.963842
-1.529576,53.998006
-1.989218,53.903098
-0.830039,54.119455
-1.530272,53.998513
-2.475672,54.148688
-1.426658,53.983224
-0.659874,54.477092
-1.538048,53.985124
-0.415174,54.263134
-1.606064,54.023672
-1.286030,53.784842
-1.509548,53.996587
-1.373235,54.009957
-1.372982,54.009497
-1.305081,53.969991
-1.301622,53.776288
-1.081746,53.956844
-1.057834,53.776139
-1.729924,54.462271
-0.917584,54.071927
-1.087780,53.954112
-1.927019,54.372653
-1.049446,53.857202
-1.998472,53.916616
-1.067668,53.940934
-1.257187,54.457864
-1.688583,54.378466
-2.274671,54.095893
-2.023724,53.959584
-1.080164,53.954621
-1.000350,54.131829
-0.790266,54.132337
-0.272240,54.156642
-1.022022,53.954809
-1.060016,53.924858
-1.464487,54.007315
-1.713957,54.380272
-1.569828,53.979238
-1.115812,53.988306
-1.539144,54.000443
-0.430348,54.281219
-1.098653,53.953754
-0.914338,54.116083
-1.953599,53.976978
-1.675855,53.930731
-1.629364,54.113909
-0.418879,54.283487
-1.111972,53.669860
-0.381506,54.238760
-2.029721,53.949795
-0.412657,54.277114
-1.679820,53.951962
-1.578204,54.007444
-1.992994,53.894785
-1.789354,53.993331
-1.467326,54.093277
-1.670696,54.393616
-2.146011,54.302136
-1.564734,54.037838
-1.089343,53.946008
-2.017705,53.963342
-1.440504,54.333058
-1.648350,54.043009
-0.612898,54.487015
-1.073380,53.937563
-1.020714,53.707782
-1.685580,53.986472
-1.116545,53.963046
-1.077863,53.967052
-1.207265,53.897212
-0.406402,54.281588
-1.478565,54.026045
-1.023567,53.877550
-1.104774,54.138061
-1.082882,53.951594
-1.123829,53.955837
-0.409696,54.278216
-1.430369,53.987286
-1.408266,54.009092
-1.020442,53.970849
-0.910515,54.474030
-1.741459,54.374591
-1.560278,54.416056
-2.071127,54.229838
-1.903404,54.037444
-1.997802,53.917839
-1.103111,53.954057
-0.410589,54.239848
-1.586561,54.509973
-1.665581,54.467646
-0.426738,54.328792
-1.824669,54.496002
-1.074137,53.939834
-1.640825,54.368097
-1.139687,53.770067
-1.565156,54.039879
-1.170833,54.464852
-1.682062,53.945676
-1.498931,54.417471
-0.310729,54.201690
-1.832610,54.309056
-1.080330,53.958181
-2.287274,54.116266
-1.736979,54.398730
-1.144719,53.935926
-1.691558,54.449831
-1.293026,54.231535
-1.393667,54.075007
-2.178436,54.117717
-1.888097,54.369882
-0.959235,54.256618
-0.443791,54.237539
-1.056210,54.160133
-0.699361,54.156071
-1.733288,54.409749
-1.432149,54.347902
-1.117602,53.922365
-1.432499,54.344857
-1.653984,54.393857
-1.926122,54.064612
-2.013642,53.937737
-1.075607,53.786318
-1.132921,53.942933
-1.922564,54.063324
-1.519112,54.123648
-1.012611,53.950651
-1.573316,54.296959
-0.799802,54.134958
-1.656192,54.391266
-1.927197,54.367351
-1.571389,54.313884
-1.460937,54.027036
-1.346470,54.228862
-2.017014,53.949600
-1.210316,54.235983
-1.081647,53.968986
-1.081885,53.957456
-1.549559,54.034771
-1.372851,54.272564
-1.715513,53.993593
-1.327955,54.228859
-1.739621,54.346287
-1.460342,53.975093
-1.303685,53.948601
-1.095918,53.986495
-0.403086,54.282713
-0.988277,54.325630
-1.557979,54.013996
-1.455584,54.005559
-2.060258,53.961783
-1.393237,54.073028
-1.078075,54.460927
-1.576232,54.127898
-2.046288,53.967397
-1.061434,53.786846
-1.213949,53.854014
-0.774877,54.150239
-1.395550,54.095805
-1.704163,54.453412
-1.399366,54.084635
-1.558177,54.006779
-1.484582,54.006100
-0.431969,54.278984
-0.410475,54.277939
-2.329677,54.092762
-1.040030,53.774964
-1.105844,53.965951
-1.703786,54.355982
-1.682824,53.949750
-0.934823,53.949978
-2.018709,53.957878
-0.400379,54.269329
-1.415574,54.212626
-1.119558,53.923493
-1.247682,54.075945
-1.683449,54.379441
-0.404171,54.279285
-0.776059,54.128320
-1.070117,53.941133
-1.719954,54.437929
-1.046670,53.883012
-0.410291,54.277909
-1.498036,53.986051
-1.429963,53.986880
-0.865123,54.134513
-1.541571,53.994790
-1.760422,54.086011
-2.025885,54.077169
-1.700469,54.380464
-1.158293,53.775170
-1.527010,53.983526
-1.036535,53.720188
-1.093000,53.761040
-1.740666,54.263346
-1.108932,53.944088
-0.347503,54.231781
-2.222093,53.973932
-1.674127,54.380423
-1.264474,54.062333
-1.483498,53.970396
-1.454711,54.176104
-1.122833,53.987350
-1.387019,54.044883
-2.068712,53.958902
-1.928487,54.003578
-1.081451,53.968176
-0.383019,54.242043
-0.695526,54.158250
-0.438573,54.220888
-0.398222,54.279404
-1.465772,54.323484
-1.092094,53.956149
-1.219542,54.433883
-1.670107,54.099594
-1.083154,53.964890
-1.603684,54.007558
-1.700543,53.996801
-1.075842,53.788746
-1.126583,53.955353
-2.023490,54.058619
-1.002704,53.857407
-2.012356,53.963676
-1.186534,54.124351
-1.251986,53.797704
-1.188873,53.955754
-0.663903,54.179097
-1.667724,54.443072
-1.589916,53.986310
-1.126462,53.923184
-1.193184,54.468994
-2.173505,53.948289
-1.467719,54.166465
-0.796036,54.132350
-1.199627,53.980714
-1.492143,54.230786
-1.340897,54.283098
-1.724724,54.379542
-1.070899,53.955286
-2.013094,53.937638
-0.830022,54.119500
-1.432527,54.345028
-1.121039,53.787594
-2.040937,53.997085
-1.079826,53.954744
-1.077031,53.954327
-1.158197,53.770846
-1.516802,54.260383
-1.591485,54.069118
-2.144667,53.931790
-1.084911,53.963348
-1.548635,53.994646
-0.413869,54.240727
-1.040091,53.774947
-2.065202,54.023939
-1.546471,53.962120
-1.114343,53.984232
-0.404474,54.238446
-1.586855,54.509893
-1.506288,53.988512
-1.154857,53.694592
-1.528820,53.997437
-1.091485,53.955399
-1.296346,54.002566
-1.633032,54.254556
-1.499608,53.998632
-2.026302,53.963089
-1.544303,53.970839
-1.241996,54.075990
-1.067395,53.783593
-1.505785,53.988447
-0.407042,54.279332
-1.237912,54.152890
-2.221003,54.001293
-1.206525,53.708670
-0.797566,54.137102
-1.826791,54.340494
-1.581018,54.325368
-2.235842,54.057042
-1.541779,53.991142
-1.060849,53.759337
-1.688331,54.358927
-1.430998,54.337651
-1.668552,54.445591
-1.544963,53.992835
-1.074318,53.961263
-1.283466,53.763390
-1.630394,53.908247
-1.070799,53.957739
-1.378046,54.008625
-1.067712,53.956062
-1.068856,53.780666
-1.376786,53.963212
-1.531382,53.956661
-1.473028,54.162102
-2.106783,53.983150
-1.485761,53.673126
-1.534305,53.714419
-1.820902,53.638844
-1.519680,53.806489
-1.531117,53.770852
-2.004996,53.737703
-1.543798,53.783655
-1.764103,53.751169
-1.547881,53.748302
-1.872817,53.727075
-1.558732,53.782273
-1.822147,53.792497
-1.778695,53.785136
-1.762722,53.788970
-1.450078,53.750293
-1.834386,53.853049
-1.685572,53.674833
-1.692466,53.688504
-1.511547,53.858173
-1.479096,53.639131
-1.771868,53.776252
-1.718380,53.624023
-1.745563,53.694731
-1.355715,53.720971
-1.561504,53.797293
-1.447705,53.751954
-1.563587,53.801408
-1.638215,53.804523
-1.780125,53.804957
-1.554001,53.678676
-1.616411,53.712921
-1.576277,53.745907
-1.232614,53.617761
-1.560289,53.792965
-1.556584,53.798866
-1.893921,53.803053
-1.732193,53.792223
-1.840599,53.738137
-1.357441,53.691283
-1.528205,53.652871
-1.926460,53.933087
-1.586462,53.811277
-1.658651,53.711188
-1.232453,53.620016
-1.826630,53.673151
-1.821623,53.805035
-1.722067,53.741750
-1.854304,53.790689
-1.943759,53.901513
-1.791007,53.784430
-1.698173,53.680204
-1.725755,53.659625
-1.643983,53.743745
-1.619565,53.741190
-1.656150,53.696431
-1.473515,53.806655
-1.782247,53.655795
-1.462161,53.667351
-1.718979,53.766037
-1.359177,53.674664
-1.659219,53.591979
-1.648670,53.712624
-1.556314,53.689093
-1.755658,53.845023
-1.684550,53.722431
-1.517254,53.672466
-1.909469,53.873414
-1.754600,53.797043
-1.690241,53.723516
-1.769214,53.778790
-1.546278,53.814098
-1.679787,53.761049
-1.500314,53.679039
-1.491627,53.678814
-1.703511,53.801853
-1.896698,53.754017
-1.845351,53.860074
-1.793712,53.811632
-1.544868,53.777385
-1.761544,53.766507
-1.657109,53.729457
-1.470230,53.668340
-1.703573,53.842632
-1.524716,53.808316
-1.536218,53.807714
-1.585045,53.819460
-1.582652,53.775842
-1.549362,53.798416
-1.624218,53.807644
-1.515392,53.743726
-1.430852,53.793787
-1.604506,53.830365
-1.726576,53.775906
-1.527349,53.822635
-1.819334,53.924264
-1.795435,53.619604
-1.739979,53.689155
-1.902480,53.870398
-1.855750,53.696343
-1.768839,53.589841
-1.346423,53.620405
-1.777749,53.702678
-1.806341,53.757024
-1.691734,53.651830
-1.542896,53.812251
-1.517783,53.844798
-1.510558,53.823098
-1.899170,53.798321
-1.555765,53.664993
-1.714117,53.809582
-1.818935,53.653249
-1.744668,53.715051
-1.574684,53.776093
-1.787466,53.647050
-1.630269,53.670307
-1.758722,53.793043
-1.534047,53.796659
-1.652445,53.791380
-1.583976,53.843005
-1.763425,53.680045
-1.565195,53.779492
-1.509862,53.808481
-1.769567,53.780849
-1.586274,53.830331
-1.542919,53.821266
-1.871728,53.716261
-1.680347,53.795170
-1.360065,53.884551
-1.478447,53.681984
-1.814232,53.638879
-1.583802,53.688724
-1.858457,53.724560
-1.767288,53.789635
-1.724446,53.823106
-1.804682,53.774476
-1.500858,53.711138
-1.429589,53.837661
-1.541846,53.664608
-1.863625,53.719973
-1.574836,53.806104
-1.548475,53.845645
-1.603293,53.746458
-1.790935,53.841719
-1.712160,53.831445
-1.570628,53.810727
-1.314505,53.688664
-1.459425,53.728567
-1.546617,53.748810
-1.947867,53.828785
-1.945937,53.829090
-1.848027,53.767672
-1.532099,53.818933
-1.781169,53.837684
-1.721519,53.815531
-1.452403,53.775570
-1.668307,53.804988
-1.599048,53.739918
-1.261318,53.677777
-1.401434,53.638867
-1.775841,53.805201
-1.642673,53.837406
-1.811586,53.638632
-1.760693,53.801576
-1.378950,53.926310
-1.571481,53.779128
-1.755818,53.796452
-1.522979,53.798072
-1.793868,53.835540
-1.699694,53.802689
-1.458534,53.816754
-1.552902,53.779582
-1.640454,53.709562
-1.552101,53.792081
-1.514498,53.679187
-1.776585,53.642158
-1.544652,53.779101
-1.589454,53.798749
-1.747640,53.818537
-1.762696,53.796412
-1.412773,53.788262
-1.597905,53.834316
-1.781344,53.760172
-1.547844,53.796990
-1.893609,53.752100
-1.564473,53.795003
-1.353534,53.683344
-1.596631,53.834078
-1.488637,53.653113
-1.658827,53.829858
-1.619615,53.824617
-1.509880,53.822547
-1.771818,53.816338
-1.460496,53.810678
-1.955353,53.832320
-1.761881,53.803529
-1.500147,53.679048
-1.842175,53.713889
-1.534936,53.794550
-1.660747,53.791512
-1.711309,53.800515
-1.540898,53.799067
-1.643961,53.814526
-1.768895,53.803758
-1.768571,53.826659
-1.502263,53.761568
-1.838118,53.669383
-1.892404,53.749043
-1.739172,53.792723
-1.506250,53.691890
-1.686857,53.709818
-1.895686,53.801491
-1.563714,53.812581
-1.495933,53.696036
-1.793893,53.805646
-1.750730,53.804594
-1.794721,53.645283
-1.711907,53.722132
-1.868606,53.731214
-1.348408,53.718244
-1.775880,53.803718
-1.728238,53.795827
-1.681010,53.867866
-1.539675,53.647163
-1.652637,53.712969
-1.605742,53.850925
-1.353810,53.684136
-1.739472,53.798296
-1.834059,53.642989
-1.717977,53.788882
-1.761186,53.778883
-1.858886,53.818593
-1.505114,53.827453
-1.386402,53.730426
-1.710683,53.767932
-1.724171,53.735427
-1.762755,53.920391
-1.909447,53.869657
-1.744162,53.675979
-1.649304,53.807684
-1.513378,53.813070
-1.770511,53.794135
-1.731560,53.796230
-1.669866,53.706887
-1.746606,53.765721
-1.415469,53.667375
-1.465307,53.798952
-1.523496,53.721567
-1.571717,53.760425
-1.720327,53.722943
-1.873266,53.708866
-1.570640,53.802081
-1.715526,53.821377
-1.694226,53.752854
-1.631627,53.748894
-1.768470,53.809240
-1.744153,53.792545
-1.488268,53.807276
-1.545777,53.774728
-1.574556,53.812691
-1.519380,53.651856
-1.744340,53.796653
-1.550797,53.844521
-1.760596,53.807877
-1.628346,53.704788
-1.762613,53.762653
-1.787053,53.708078
-1.843009,53.656573
-1.641044,53.875105
-1.804263,53.812513
-1.758748,53.645377
-1.745570,53.764002
-1.663850,53.815437
-1.759251,53.796226
-1.625900,53.809770
-1.767881,53.819665
-1.726143,53.798186
-1.541982,53.847283
-1.782522,53.649432
-1.569562,53.816880
-1.488138,53.796733
-1.770565,53.828784
-1.750872,53.649658
-1.459752,53.808266
-1.528365,53.782139
-1.348318,53.608254
-1.717978,53.720699
-1.558559,53.782829
-1.621012,53.796012
-1.737240,53.803172
-1.787541,53.647122
-1.810077,53.651474
-1.314447,53.689445
-1.590051,53.760884
-1.743687,53.719471
-1.471273,53.825529
-1.405269,53.692052
-1.635708,53.815301
-1.597165,53.813219
-1.793200,53.773630
-1.583319,53.828047
-1.584620,53.820951
-1.917314,53.851714
-1.791313,53.756442
-1.901435,53.868743
-1.329967,53.682918
-1.789048,53.836170
-1.405158,53.709578
-1.602801,53.840336
-1.422754,53.694708
-1.686581,53.854938
-1.532492,53.824606
-1.612835,53.737717
-1.727180,53.811481
-1.858408,53.721315
-1.674217,53.808428
-1.982486,53.730691
-1.665127,53.716069
-1.989235,53.715367
-1.407869,53.909100
-1.765362,53.781039
-1.478446,53.798462
-1.512676,53.738646
-1.479708,53.804426
-1.501348,53.728649
-1.830487,53.847480
-1.534571,53.839866
-1.526741,53.810490
-1.765249,53.806726
-1.383958,53.684987
-1.840966,53.688918
-1.266744,53.619835
-1.731567,53.814197
-1.764281,53.795184
-1.576025,53.734770
-1.697626,53.864332
-1.830450,53.645464
-1.673848,53.793399
-1.620412,53.593085
-1.642281,53.683520
-1.668978,53.677224
-1.780777,53.764243
-1.711602,53.797640
-1.568825,53.805894
-1.469608,53.840694
-1.524481,53.700134
-1.521588,53.642598
-1.640701,53.687704
-1.747780,53.810286
-1.585379,53.799427
-1.780969,53.660161
-1.497857,53.801555
-1.579156,53.624559
-1.710986,53.768014
-1.760180,53.734282
-1.553618,53.809416
-1.735850,53.792464
-2.104465,53.696564
-1.416772,53.908128
-1.440941,53.728023
-1.522529,53.804317
-1.685546,53.682329
-1.857107,53.724918
-1.722898,53.772221
-1.515342,53.704520
-1.758909,53.776289
-1.764454,53.791535
-1.536513,53.807158
-1.590885,53.856169
-1.502208,53.728950
-1.758345,53.811198
-1.838547,53.790867
-1.517999,53.823263
-1.648885,53.703232
-1.891249,53.890979
-1.466191,53.874024
-1.699388,53.667004
-1.453463,53.808408
-1.586089,53.809002
-1.243762,53.692714
-1.552963,53.779555
-1.516063,53.707686
-1.657042,53.786090
-1.907397,53.868271
-1.549841,53.806121
-1.673922,53.805426
-1.510872,53.692898
-1.426867,53.613689
-1.727361,53.795232
-1.485734,53.754910
-1.787757,53.802975
-1.266430,53.705924
-1.519175,53.769627
-1.782066,53.646941
-1.713710,53.728814
-1.975491,53.637762
-1.314334,53.688977
-1.571219,53.754257
-1.493264,53.763139
-1.543194,53.796020
-1.314181,53.689039
-1.514585,53.819007
-1.376514,53.681551
-1.672161,53.863770
-1.504165,53.768784
-1.754581,53.696134
-1.777492,53.803128
-1.413595,53.621355
-1.504671,53.679300
-1.716827,53.722916
-1.446281,53.871714
-1.770352,53.739928
-1.719750,53.627199
-1.764167,53.815649
-1.582056,53.826757
-1.694183,53.752539
-1.727866,53.735975
-1.787710,53.779256
-1.269723,53.705594
-1.714456,53.799893
-1.673419,53.862363
-1.527526,53.798773
-1.750350,53.635563
-1.692153,53.860066
-1.580645,53.643682
-1.275397,53.697161
-1.294951,53.693494
-1.651772,53.705758
-1.780075,53.666127
-1.504541,53.842479
-1.724915,53.686380
-1.566544,53.828266
-1.562707,53.769201
-1.737016,53.680961
-1.922404,53.712835
-1.581958,53.825903
-1.741014,53.787047
-1.338409,53.706478
-1.719228,53.662603
-1.533235,53.801429
-1.566801,53.763535
-1.426759,53.616097
-1.687442,53.722816
-1.853136,53.659695
-1.355780,53.727650
-1.775670,53.831688
-1.777783,53.719234
-1.320438,53.694540
-1.491714,53.818670
-1.591720,53.832758
-1.763210,53.804898
-1.692929,53.728978
-1.648888,53.741036
-1.759613,53.836438
-1.489048,53.799307
-1.585044,53.819559
-1.890970,53.875232
-1.754440,53.811486
-1.804470,53.774539
-1.405035,53.704301
-1.775682,53.835112
-1.565234,53.794781
-1.519865,53.806265
-1.547721,53.743457
-1.740464,53.644737
-1.566636,53.828194
-1.808352,53.784944
-1.878214,53.742441
-1.666568,53.861454
-1.611479,53.784486
-1.513816,53.730507
-1.631894,53.692252
-1.748720,53.668079
-1.785142,53.702502
-1.768364,53.833930
-1.517186,53.681068
-1.572524,53.779590
-1.574060,53.818199
-1.249892,53.705651
-1.432158,53.792634
-1.784685,53.798062
-1.767344,53.669411
-1.516058,53.817719
-1.710626,53.875500
-1.602425,53.692104
-1.510857,53.679811
-1.792172,53.797473
-1.845713,53.927276
-1.525735,53.684212
-1.731156,53.795258
-1.539761,53.798910
-1.880277,53.870081
-2.004632,53.737532
-1.532638,53.644664
-1.508781,53.808701
-1.560965,53.783467
-1.730744,53.840790
-1.785325,53.702359
-1.826450,53.779714
-1.778875,53.701646
-1.560315,53.823938
-1.507462,53.825378
-1.516768,53.732128
-1.292124,53.601058
-1.603582,53.689861
-1.876476,53.942375
-1.286989,53.608066
-1.760826,53.722032
-1.622986,53.887417
-2.097193,53.715436
-1.611512,53.808853
-1.505398,53.827796
-1.498455,53.728503
-1.635782,53.678602
-1.786694,53.800097
-1.533220,53.801464
-1.683560,53.805901
-1.513128,53.732311
-1.507032,53.685808
-1.538251,53.829985
-1.292095,53.706672
-1.768248,53.766897
-1.788130,53.927907
-1.767523,53.782814
-1.541995,53.795989
-1.522780,53.811661
-1.772671,53.790643
-1.264981,53.696945
-1.594591,53.780871
-1.644067,53.688972
-1.737261,53.792575
-1.660687,53.791520
-1.500306,53.801215
-1.366911,53.624227
-1.303129,53.694422
-1.511282,53.853544
-1.483389,53.800227
-1.706205,53.766204
-1.667132,53.713612
-1.555299,53.819866
-1.841701,53.767664
-1.592687,53.814597
-1.662901,53.801225
-1.590051,53.746908
-1.527044,53.806527
-1.816602,53.814330
-1.920457,53.861738
-1.851871,53.614843
-1.540819,53.849382
-1.520642,53.835318
-1.511754,53.814250
-1.452906,53.815066
-1.687936,53.735994
-1.681270,53.813588
-1.594162,53.837917
-1.313661,53.724765
-1.758156,53.780665
-1.991251,53.711592
-1.458872,53.720834
-1.343811,53.845087
-1.385650,53.915981
-1.452101,53.804546
-1.576998,53.820573
-1.662754,53.721087
-1.811760,53.874730
-1.478477,53.702855
-1.795353,53.861518
-1.378200,53.676050
-1.711383,53.789783
-1.429321,53.657042
-1.744587,53.811079
-1.719537,53.777939
-1.849587,53.657597
-1.405959,53.729078
-1.489901,53.762774
-1.524436,53.802149
-1.790371,53.646848
-1.476251,53.778436
-1.744754,53.811080
-1.623646,53.805440
-1.710306,53.875589
-1.922627,53.872228
-1.632950,53.690916
-1.568211,53.805011
-1.349145,53.779467
-1.823687,53.787251
-1.737173,53.823566
-1.634524,53.689330
-1.716774,53.793913
-1.515264,53.820736
-1.532881,53.804600
-1.323190,53.732549
-1.790373,53.814305
-1.720984,53.806847
-1.565866,53.810045
-1.776659,53.639516
-1.609909,53.793343
-1.553779,53.683915
-1.731275,53.771854
-1.755756,53.788956
-1.767229,53.778337
-1.438515,53.839528
-1.372242,53.900372
-1.744206,53.761186
-1.633996,53.715295
-1.791564,53.791648
-1.813501,53.794453
-1.353892,53.613416
-1.530249,53.773842
-1.210011,53.694842
-1.536706,53.614326
-1.559163,53.781636
-1.412704,53.907299
-1.562200,53.661727
-1.940348,53.870207
-1.749221,53.634635
-1.548130,53.797171
-1.859967,53.721857
-1.522149,53.773594
-1.908780,53.868803
-1.656537,53.741957
-1.750036,53.801312
-1.518843,53.769509
-1.605571,53.780108
-1.468641,53.655102
-1.353024,53.603929
-1.479694,53.643403
-1.565792,53.762848
-1.514555,53.742635
-1.517211,53.816555
-1.500164,53.686589
-1.766445,53.788204
-1.772659,53.775930
-1.821862,53.658718
-1.326209,53.684973
-1.692368,53.907514
-1.799916,53.634317
-1.680858,53.809866
-1.744218,53.796761
-1.685400,53.805555
-1.704182,53.710698
-1.514874,53.809796
-1.554907,53.799480
-1.386942,53.755830
-1.797604,53.633818
-1.382386,53.797601
-1.438907,53.845461
-1.657001,53.735263
-1.783404,53.793341
-1.902303,53.612324
-1.514238,53.852953
-1.782583,53.702417
-1.534125,53.848574
-1.525882,53.906820
-1.768822,53.789369
-1.707013,53.745938
-1.899922,53.750416
-1.749486,53.817183
-1.574835,53.806149
-2.136174,53.732403
-1.788348,53.785045
-1.620291,53.803596
-1.562215,53.664676
-1.733742,53.782492
-1.693123,53.804317
-1.255613,53.646705
-1.721783,53.828375
-1.786845,53.653089
-1.856047,53.862370
-1.526003,53.800555
-1.766831,53.778867
-1.715739,53.794297
-1.543254,53.796011
-1.578078,53.831066
-1.547210,53.662508
-1.908891,53.754422
-1.733346,53.792342
-2.150630,53.731128
-1.294916,53.687444
-1.550496,53.804550
-1.548934,53.845413
-1.518115,53.671256
-1.555590,53.799518
-1.775636,53.678514
-1.755477,53.653909
-1.391145,53.791345
-1.523371,53.810441
-1.570243,53.753274
-1.882228,53.705828
-1.857729,53.720470
-1.507223,53.816029
-1.760447,53.828818
-1.776464,53.779550
-1.688275,53.903162
-1.503236,53.686754
-1.565193,53.789954
-1.769954,53.684875
-1.672547,53.800640
-1.468842,53.714965
-1.603397,53.793322
-1.519865,53.814238
-1.761832,53.772035
-1.307199,53.710346
-1.475008,53.755205
-1.634675,53.689348
-1.516504,53.769715
-1.521501,53.805202
-1.575777,53.791026
-1.512989,53.657699
-1.739564,53.803006
-1.777091,53.830181
-1.811549,53.755792
-1.861646,53.722596
-1.663446,53.873534
-1.483087,53.699963
-1.392954,53.851089
-1.532901,53.802820
-1.315637,53.693623
-1.508345,53.743392
-1.599341,53.782469
-1.313488,53.779124
-1.620656,53.712638
-1.858630,53.709209
-1.782459,53.646942
-1.570377,53.753526
-1.770051,53.803329
-1.628887,53.829221
-1.624890,53.703286
-1.767821,53.811333
-1.806961,53.651370
-1.573102,53.824254
-1.504570,53.729157
-1.695260,53.702128
-1.700661,53.606858
-1.522416,53.672424
-1.674672,53.718181
-1.634920,53.717041
-1.569132,53.839564
-1.564749,53.802050
-1.351659,53.608218
-1.854054,53.705141
-1.600635,53.836464
-1.819396,53.803854
-1.775078,53.655323
-1.728036,53.737863
-1.549959,53.770942
-1.328288,53.605680
-1.913621,53.554673
-2.090160,53.714417
-1.513297,53.797754
-1.492062,53.679085
-2.084816,53.716335
-1.620130,53.745802
-1.905038,53.815430
-1.886739,53.729390
-1.807040,53.637250
-1.532427,53.753914
-1.640885,53.712305
-1.520870,53.831283
-1.774989,53.734652
-1.738060,53.756832
-1.767530,53.808978
-1.515264,53.820736
-1.802790,53.689347
-1.745488,53.553840
-1.871790,53.655987
-1.540090,53.695198
-1.762900,53.660360
-1.910394,53.867528
-1.769960,53.625428
-1.902713,53.723705
-1.920012,53.856021
-1.729468,53.833543
-1.429411,53.657043
-1.850576,53.591939
-1.774018,53.644122
-1.791295,53.809165
-1.749017,53.786273
-1.486892,53.744488
-1.864599,53.732836
-1.767520,53.642878
-1.648162,53.808022
-1.420302,53.784937
-1.769920,53.752412
-1.763359,53.651301
-1.761407,53.771944
-1.497723,53.801366
-1.749522,53.800969
-1.780476,53.670505
-1.649791,53.800198
-1.887310,53.725633
-1.749288,53.728058
-1.620458,53.593040
-1.831819,53.731051
-1.559620,53.761199
-1.527479,53.762425
-1.456150,53.822549
-1.578050,53.732377
-1.725435,53.839106
-1.652663,53.739286
-1.689673,53.804811
-1.569870,53.730335
-1.879141,53.715298
-1.566783,53.772694
-1.585530,53.842606
-1.768943,53.789423
-1.772850,53.777018
-1.567284,53.676648
-1.621667,53.794163
-1.513304,53.740698
-1.369652,53.781141
-1.924109,53.826777
-1.546512,53.795215
-1.427666,53.655183
-1.722536,53.801800
-1.611860,53.817240
-1.876001,53.654310
-1.757402,53.798280
-1.773634,53.648067
-1.485803,53.728107
-1.262217,53.702555
-1.335945,53.707102
-1.718174,53.793341
-1.766908,53.778705
-1.577687,53.777739
-1.787118,53.806255
-1.380225,53.726817
-1.690601,53.707419
-1.720893,53.806856
-1.768895,53.834219
-1.532180,53.744826
-1.522214,53.856095
-1.412887,53.667992
-1.539954,53.836795
-1.599875,53.647972
-1.537301,53.775550
-1.785636,53.647019
-1.272909,53.691241
-1.909519,53.871572
-2.029665,53.743730
-1.821106,53.830110
-1.513692,53.762235
-1.731692,53.808930
-1.649844,53.682509
-1.608424,53.691917
-1.546019,53.795905
-1.467048,53.825717
-1.557417,53.778879
-1.922570,53.646889
-1.530996,53.770815
-1.516579,53.769797
-1.233595,53.621228
-1.785357,53.603516
-1.362008,53.612471
-1.866231,53.834834
-1.552175,53.807963
-1.579516,53.776901
-1.343769,53.813745
-2.013760,53.741360
-1.841985,53.853688
-1.731283,53.796795
-1.773636,53.650539
-1.513838,53.740430
-1.713133,53.773519
-1.536052,53.807641
-1.648571,53.704472
-1.531917,53.802547
-1.545513,53.842686
-2.108755,53.721439
-1.692081,53.710182
-1.766253,53.773626
-1.824606,53.646471
-1.740289,53.769195
-1.687412,53.865878
-1.504036,53.679234
-1.675174,53.717930
-1.478829,53.638698
-1.345520,53.606450
-1.546853,53.793113
-1.551448,53.782138
-1.296608,53.664930
-1.517296,53.814416
-1.525969,53.709236
-1.493208,53.809328
-1.545392,53.801934
-1.781747,53.790867
-1.661193,53.679485
-1.711479,53.786791
-1.777176,53.808358
-1.664510,53.721280
-1.870198,53.839575
-1.833208,53.682580
-1.514025,53.791250
-1.567004,53.792432
-1.944323,53.900929
-1.663573,53.679204
-1.755906,53.629283
-1.750474,53.791453
-1.342931,53.725450
-1.660498,53.801685
-1.558680,53.814710
-1.800884,53.682423
-1.743642,53.701837
-1.580616,53.678601
-1.791605,53.648324
-1.795384,53.633168
-1.773160,53.826551
-1.538396,53.776650
-1.726191,53.765083
-1.880690,53.606498
-1.748400,53.787952
-1.769093,53.798141
-1.778366,53.766899
-1.531983,53.843011
-1.420133,53.606529
-1.382522,53.928791
-1.828126,53.673738
-1.525118,53.800911
-1.577735,53.821331
-1.646437,53.704349
-1.793579,53.618891
-1.453554,53.808435
-1.631698,53.674715
-1.880561,53.716567
-1.479456,53.639393
-1.483908,53.672417
-1.944466,53.827004
-1.631825,53.830299
-1.801713,53.647712
-2.109631,53.720360
-1.536707,53.614299
-1.561245,53.797364
-1.623587,53.708486
-1.621057,53.796085
-1.634411,53.788064
-1.787476,53.645054
-1.753961,53.651749
-1.440126,53.797345
-1.624076,53.745347
-1.355651,53.722229
-1.642759,53.720004
-1.568822,53.792807
-1.500415,53.685808
-1.574690,53.731889
-1.568130,53.784841
-1.828129,53.829411
-1.623803,53.815031
-1.731699,53.645742
-1.714290,53.795282
-1.713673,53.611401
-1.547181,53.792251
-1.770922,53.556570
-1.710675,53.658636
-1.639310,53.804374
-1.743375,53.793137
-1.850400,53.727418
-1.568774,53.830027
-1.320499,53.722709
-1.532139,53.644617
-1.813567,53.728085
-1.610106,53.757347
-1.891667,53.723067
-1.577114,53.733534
-1.798556,53.780173
-1.679829,53.715498
-1.571850,53.802507
-1.543661,53.835506
-1.761311,53.772942
-1.720555,53.798398
-1.822209,53.662629
-1.313594,53.594721
-1.593928,53.730059
-1.410153,53.709926
-1.890955,53.875178
-1.391111,53.705562
-1.793425,53.811443
-1.770153,53.920846
-1.866569,53.728147
-1.574060,53.818199
-1.790118,53.649095
-1.236661,53.624753
-1.522906,53.673253
-1.618753,53.797416
-1.570245,53.805036
-1.802583,53.639471
-1.686595,53.710357
-1.440432,53.807431
-1.581710,53.775964
-1.761400,53.797263
-1.611441,53.691513
-1.759452,53.808791
-1.613167,53.855074
-1.567386,53.790699
-1.500192,53.819721
-2.098278,53.712999
-1.770374,53.788635
-1.558499,53.782784
-1.530862,53.793681
-1.597478,53.821776
-1.554664,53.796638
-1.712353,53.829890
-1.518242,53.678699
-1.526680,53.753892
-1.865161,53.599417
-1.616870,53.709121
-1.560110,53.776759
-1.528509,53.678479
-1.794593,53.805360
-1.744218,53.796761
-1.529989,53.812067
-1.776378,53.812761
-1.602963,53.704159
-1.842967,53.826806
-1.563421,53.824641
-1.485414,53.673044
-1.886023,53.876675
-1.533080,53.842773
-1.763557,53.783579
-1.749912,53.796521
-1.448144,53.757781
-1.746882,53.631358
-1.661265,53.729064
-1.717794,53.793457
-1.685043,53.808655
-1.545579,53.795813
-1.555965,53.687689
-1.338955,53.822366
-1.569289,53.750116
-1.570006,53.801755
-1.781271,53.783118
-1.745705,53.714002
-1.598319,53.744877
-1.641072,53.736654
-1.754780,53.802634
-1.714401,53.783400
-1.718382,53.791786
-1.568799,53.795045
-1.905147,53.861214
-1.554391,53.799478
-1.826512,53.742512
-1.711902,53.607281
-1.454342,53.775830
-1.548827,53.778919
-1.514992,53.817993
-1.534799,53.797318
-1.787738,53.647068
-1.667832,53.868909
-1.771076,53.846662
-1.790983,53.636378
-1.740892,53.787074
-1.731374,53.808732
-1.503671,53.694783
-1.751939,53.694798
-1.942775,53.818806
-1.514420,53.820130
-1.699231,53.914101
-1.782532,53.671084
-1.431572,53.674194
-1.155019,53.504737
-1.033553,53.543296
-1.085853,53.513433
-1.093500,53.530318
-1.121093,53.531036
-0.966634,53.628983
-1.180769,53.618927
-1.144357,53.616363
-1.096782,53.541300
-1.131254,53.527021
-1.077266,53.547704
-1.296733,53.494509
-1.070955,53.507170
-1.067180,53.576048
-1.068096,53.506177
-1.056676,53.562132
-1.197536,53.535115
-1.056678,53.562060
-1.183686,53.569564
-0.922882,53.573290
-1.102750,53.529534
-1.154531,53.617828
-1.157316,53.502183
-1.084547,53.480227
-1.243094,53.474586
-1.147568,53.508594
-1.147522,53.551479
-1.020141,53.541793
-1.167541,53.519701
-1.083442,53.476956
-1.173807,53.577523
-0.962855,53.609157
-1.151200,53.497393
-1.124473,53.529569
-1.070662,53.477774
-1.247872,53.481313
-1.072540,53.502939
-1.054608,53.484210
-1.137893,53.520983
-1.117443,53.506308
-1.189153,53.481046
-1.092415,53.487892
-1.256234,53.497751
-1.145799,53.509588
-1.228747,53.540399
-1.157262,53.567961
-1.074966,53.505763
-1.176707,53.550290
-1.129749,53.523873
-1.160816,53.503591
-0.946202,53.629650
-0.982204,53.625422
-1.101661,53.525355
-0.968920,53.613965
-1.142864,53.465963
-1.175772,53.518356
-1.039765,53.478159
-1.295616,53.492785
-0.988142,53.594623
-1.146677,53.477119
-1.127965,53.521864
-1.128669,53.522094
-1.147537,53.551488
-1.192003,53.535689
-1.021513,53.490128
-0.980149,53.561360
-1.091759,53.512992
-1.241349,53.479474
-1.014859,53.576932
-1.185158,53.487436
-1.143918,53.616351
-1.166591,53.520450
-1.200395,53.490658
-1.062838,53.537434
-1.108012,53.531820
-1.271945,53.542404
-1.216104,53.556658
-1.020513,53.584529
-1.201882,53.576788
-1.102466,53.525810
-1.173418,53.621430
-0.979259,53.592687
-1.168465,53.576489
-0.992374,53.578057
-1.201753,53.633343
-1.190074,53.631188
-1.171112,53.469614
-1.014843,53.576967
-1.011933,53.581932
-1.156197,53.504620
-1.166104,53.471494
-1.219679,53.602694
-1.226967,53.483175
-1.223167,53.478368
-0.981731,53.592286
-0.952737,53.621006
-1.213042,53.577635
-1.161910,53.536012
-1.088040,53.547804
-1.217323,53.598534
-1.149299,53.516310
-1.132877,53.526583
-1.160170,53.504971
-1.159826,53.504088
-1.146557,53.546169
-1.167317,53.548032
-1.129591,53.513930
-1.283481,53.498196
-1.217236,53.483777
-1.049220,53.556635
-1.114752,53.536356
-1.020457,53.430613
-1.158745,53.610433
-1.182807,53.565019
-1.016341,53.544935
-1.108913,53.447854
-1.170762,53.499975
-1.176892,53.467569
-1.207319,53.470929
-1.250318,53.516060
-1.116119,53.517085
-1.123456,53.529858
-1.157526,53.496144
-1.103315,53.522769
-1.215323,53.574378
-1.152842,53.483841
-1.082138,53.554141
-1.254951,53.472018
-1.075964,53.507011
-1.166534,53.501070
-1.029770,53.600487
-1.142204,53.472538
-1.129617,53.523719
-1.165137,53.537662
-1.265719,53.494933
-1.137864,53.521648
-1.066679,53.537761
-1.174158,53.547081
-1.148702,53.492638
-1.088907,53.510238
-1.236390,53.585283
-0.991966,53.574251
-1.205928,53.542218
-1.193108,53.479113
-1.150641,53.531411
-1.088892,53.510229
-1.072114,53.469920
-1.160831,53.503574
-0.951425,53.628806
-1.112549,53.505310
-1.051384,53.534800
-1.213845,53.588130
-1.127493,53.528719
-0.963974,53.613472
-1.093838,53.542042
-1.096969,53.528232
-1.217041,53.562273
-1.059906,53.479047
-1.221178,53.605004
-1.145968,53.546964
-1.028990,53.596256
-1.100748,53.517177
-1.144840,53.529509
-1.133484,53.521949
-1.090431,53.511607
-1.112985,53.505377
-1.146116,53.479550
-1.154781,53.503783
-1.088479,53.547745
-1.168349,53.533154
-1.507135,53.549752
-1.375479,53.534334
-1.595103,53.582243
-1.502855,53.591719
-1.628669,53.531774
-1.456684,53.597712
-1.316513,53.529859
-1.354492,53.533386
-1.477767,53.542176
-1.400338,53.526155
-1.570843,53.507824
-1.461724,53.532775
-1.487253,53.562594
-1.475845,53.535283
-1.474654,53.497409
-1.596268,53.578939
-1.460119,53.598491
-1.502655,53.546920
-1.445542,53.526508
-1.397932,53.510728
-1.416140,53.516760
-1.506932,53.565958
-1.507164,53.549842
-1.585593,53.519903
-1.451218,53.532008
-1.485599,53.535927
-1.463912,53.535176
-1.387699,53.527062
-1.411621,53.595845
-1.497847,53.543862
-1.412107,53.518340
-1.451203,53.532035
-1.399388,53.522924
-1.401420,53.524300
-1.543901,53.596143
-1.514495,53.548902
-1.446332,53.505272
-1.671070,53.524977
-1.475417,53.575972
-1.482790,53.516320
-1.751458,53.500911
-1.351167,53.539687
-1.649577,53.542992
-1.454132,53.561225
-1.473544,53.572422
-1.470426,53.528230
-1.501155,53.560271
-1.437633,53.562183
-1.473908,53.546672
-1.434112,53.523920
-1.470831,53.562280
-1.562115,53.535468
-1.572643,53.510248
-1.670133,53.525145
-1.562470,53.511281
-1.414660,53.577119
-1.658147,53.498209
-1.478417,53.577701
-1.431060,53.540112
-1.484952,53.553137
-1.441290,53.555081
-1.488070,53.558715
-1.357037,53.538676
-1.299610,53.550425
-1.451293,53.599746
-1.462308,53.566503
-1.551784,53.567896
-1.532816,53.584676
-1.447781,53.509782
-1.507011,53.538346
-1.456313,53.530054
-1.422728,53.573581
-1.465390,53.496820
-1.442185,53.554699
-1.403921,53.590090
-1.519289,53.566718
-1.474024,53.559247
-1.469214,53.547945
-1.316140,53.546458
-1.471733,53.541961
-1.436710,53.560075
-1.463225,53.599018
-1.488695,53.550673
-1.490440,53.547435
-1.437400,53.544429
-1.547363,53.598754
-1.359505,53.526088
-1.394047,53.524119
-1.446173,53.540569
-1.484257,53.503527
-1.441561,53.555073
-1.472460,53.550288
-1.566560,53.543475
-1.375948,53.539361
-1.417954,53.577036
-1.506328,53.551637
-1.456113,53.490252
-1.301838,53.446117
-1.365737,53.408667
-1.338772,53.498443
-1.196531,53.424682
-1.366252,53.458017
-1.256031,53.413661
-1.393320,53.442976
-1.360514,53.394841
-1.254290,53.440104
-1.334380,53.480486
-1.184184,53.350333
-1.361772,53.409293
-1.209660,53.378900
-1.230325,53.372500
-1.317623,53.498351
-1.361715,53.425130
-1.374129,53.434445
-1.370382,53.433383
-1.363141,53.434423
-1.284579,53.362977
-1.360001,53.395962
-1.362079,53.409879
-1.417317,53.478232
-1.282689,53.362785
-1.350586,53.427623
-1.367548,53.408281
-1.329854,53.437774
-1.364483,53.424210
-1.328207,53.399005
-1.184475,53.464915
-1.327855,53.358293
-1.131742,53.393838
-1.333847,53.406677
-1.304867,53.447797
-1.195159,53.423217
-1.383840,53.430136
-1.263819,53.423579
-1.284404,53.360836
-1.289952,53.338946
-1.282195,53.362639
-1.338133,53.466817
-1.176415,53.422136
-1.304582,53.487364
-1.367217,53.408306
-1.316378,53.490497
-1.305910,53.470653
-1.349807,53.508247
-1.352890,53.405757
-1.221247,53.369969
-1.338983,53.455730
-1.281976,53.372121
-1.283059,53.368451
-1.181593,53.421282
-1.331601,53.420444
-1.337005,53.508267
-1.301867,53.450764
-1.305917,53.398132
-1.356218,53.434377
-1.314165,53.443536
-1.282478,53.362820
-1.399689,53.431116
-1.320526,53.488372
-1.337826,53.477872
-1.340384,53.491674
-1.351938,53.438714
-1.444498,53.456357
-1.396137,53.408869
-1.374832,53.419393
-1.195620,53.427489
-1.355811,53.505106
-1.282979,53.368774
-1.364260,53.432065
-1.372501,53.454059
-1.291704,53.341059
-1.325332,53.488471
-1.371944,53.454020
-1.336506,53.487114
-1.370804,53.408891
-1.338305,53.366540
-1.317099,53.442735
-1.327061,53.424895
-1.339900,53.502458
-1.225242,53.350247
-1.354512,53.433748
-1.325197,53.410539
-1.325020,53.481566
-1.360016,53.395980
-1.192774,53.422014
-1.321184,53.363037
-1.348067,53.477191
-1.266975,53.431652
-1.368320,53.453678
-1.354558,53.395906
-1.334745,53.510079
-1.388854,53.508669
-1.318075,53.398660
-1.352398,53.438141
-1.214501,53.421314
-1.269752,53.449682
-1.192932,53.417674
-1.325347,53.488471
-1.296684,53.454581
-1.329113,53.412125
-1.203452,53.340953
-1.318215,53.487775
-1.274969,53.437741
-1.334854,53.507931
-1.218066,53.354128
-1.232160,53.394166
-1.345041,53.398676
-1.370489,53.397591
-1.350498,53.396836
-1.319923,53.442194
-1.330940,53.485555
-1.369458,53.350268
-1.451063,53.338402
-1.465246,53.461557
-1.216983,53.360719
-1.483158,53.343255
-1.451512,53.407572
-1.447097,53.374455
-1.411830,53.410772
-1.483074,53.371318
-1.356136,53.328166
-1.432443,53.393622
-1.418276,53.411397
-1.404174,53.412828
-1.413518,53.386466
-1.398767,53.380226
-1.476521,53.462047
-1.465486,53.447176
-1.479201,53.386995
-1.500242,53.319571
-1.397916,53.346730
-1.459229,53.377846
-1.505669,53.440985
-1.458614,53.357618
-1.411870,53.420983
-1.484824,53.382040
-1.412486,53.378425
-1.455314,53.396093
-1.491803,53.370339
-1.433806,53.391723
-1.442363,53.437741
-1.390568,53.344814
-1.461282,53.415347
-1.464761,53.376666
-1.452554,53.393150
-1.521500,53.422767
-1.442118,53.357479
-1.470224,53.365239
-1.335608,53.347676
-1.443660,53.431769
-1.423949,53.398984
-1.452647,53.407002
-1.474077,53.326874
-1.463854,53.383071
-1.406722,53.352967
-1.409669,53.374528
-1.474409,53.327972
-1.465305,53.461629
-1.522323,53.345198
-1.497447,53.388862
-1.349280,53.353459
-1.396959,53.367687
-1.404198,53.415453
-1.350240,53.397024
-1.406748,53.373830
-1.421702,53.422784
-1.484867,53.355991
-1.476493,53.363828
-1.462857,53.386977
-1.427080,53.359575
-1.479650,53.347680
-1.594800,53.482731
-1.348133,53.353803
-1.406344,53.373666
-1.482440,53.370335
-1.467684,53.373713
-1.412553,53.410749
-1.508817,53.400370
-1.545408,53.335508
-1.464570,53.369142
-1.409678,53.389135
-1.437449,53.400603
-1.453806,53.441020
-1.476782,53.373331
-1.464636,53.389061
-1.412909,53.388144
-1.549559,53.485931
-1.478686,53.367577
-1.436095,53.403995
-1.443710,53.395590
-1.472831,53.381673
-1.400554,53.413538
-1.468590,53.398759
-1.472638,53.371739
-1.458730,53.391120
-1.419555,53.377048
-1.447731,53.419572
-1.409630,53.386060
-1.492590,53.385066
-1.396861,53.377835
-1.494603,53.485522
-1.460691,53.401340
-1.388251,53.344029
-1.458730,53.391147
-1.477691,53.388732
-1.483513,53.390996
-1.455908,53.455636
-1.392274,53.408652
-1.469678,53.365605
-1.458979,53.364397
-1.377941,53.347508
-1.595373,53.466877
-1.448119,53.409345
-1.415781,53.374953
-1.396872,53.378122
-1.411150,53.366319
-1.449985,53.411655
-1.507678,53.397363
-1.453142,53.361333
-1.474470,53.326714
-1.474052,53.368024
-1.545438,53.335482
-1.388862,53.355888
-1.480245,53.461767
-1.483960,53.380139
-1.417497,53.401209
-1.421851,53.374048
-1.522727,53.322503
-1.502596,53.394744
-1.495368,53.404475
-1.461729,53.427582
-1.487427,53.349278
-1.510732,53.356648
-1.476344,53.411477
-1.476825,53.363686
-1.494309,53.379599
-1.445762,53.358054
-1.455363,53.379239
-1.500043,53.413646
-1.455652,53.455635
-1.447154,53.393323
-1.472212,53.384349
-1.483878,53.381892
-1.463932,53.388833
-1.483754,53.376022
-1.450589,53.388125
-1.364570,53.357757
-1.512938,53.404333
-1.473813,53.326360
-1.440349,53.422531
-1.476013,53.380869
-1.501720,53.402776
-1.511671,53.398017
-1.479525,53.380084
-1.500074,53.402059
-1.468044,53.373733
-1.595952,53.469306
-1.394743,53.376664
-1.401089,53.414018
-1.470468,53.385590
-1.453923,53.407251
-1.357562,53.341162
-1.499025,53.391421
-1.459471,53.421658
-1.447220,53.409107
-1.463947,53.388806
-1.439972,53.431824
-1.435283,53.388081
-1.445867,53.443734
-1.505058,53.411896
-1.419093,53.367940
-1.508713,53.397646
-1.430699,53.436373
-1.502049,53.319075
-1.428760,53.360922
-1.453658,53.396238
-1.481084,53.327309
-1.461439,53.390961
-1.421302,53.412310
-1.521219,53.356645
-1.410877,53.382884
-1.431405,53.417330
-1.416982,53.421305
-1.512490,53.392160
-1.437852,53.366511
-1.349961,53.334362
-1.359336,53.348102
-1.538162,53.327858
-1.468880,53.463587
-1.456425,53.366687
-1.475158,53.379508
-1.581883,53.484556
-1.360894,53.366421
-1.407630,53.353592
-1.458939,53.382950
-1.460223,53.476384
-1.479384,53.374421
-1.602300,53.426784
-1.401588,53.349445
-1.516366,53.437578
-1.463769,53.371862
-1.388606,53.344381
-1.470243,53.385499
-1.438368,53.437039
-1.467145,53.478275
-1.405574,53.352323
-1.486575,53.421382
-1.506110,53.382121
-1.462228,53.402353
-1.409258,53.387973
-1.454959,53.421484
-1.348848,53.327560
-1.491778,53.405287
-1.476471,53.357042
-1.354599,53.342432
-1.470987,53.378815
-1.488550,53.383449
-1.464887,53.436199
-1.396597,53.378409
-1.479239,53.430671
-1.478095,53.392545
-1.493400,53.402975
-1.467040,53.484234
-1.477536,53.370709
-1.424848,53.389191
-1.541940,53.415270
-1.492422,53.370090
-1.476833,53.364279
-1.396082,53.408473
-1.501794,53.319110
-1.424438,53.416299
-1.464571,53.388198
-1.500782,53.425064
-1.414326,53.375854
-1.434684,53.408321
-1.454889,53.378743
-1.506253,53.400988
-1.411050,53.393231
-1.489211,53.380989
-1.165831,53.569927
-1.408428,53.416364
-1.476433,53.363792
-1.496880,53.368042
-0.051065,53.569904
-0.080195,53.558616
-0.080467,53.574955
-0.095135,53.535931
-0.098919,53.547813
-0.082598,53.558232
-0.075030,53.566300
-0.067610,53.575018
-0.104501,53.565764
-0.084279,53.562125
-0.121835,53.556608
-0.284045,53.614690
-0.096898,53.575353
-0.100137,53.556337
-0.070007,53.560196
-0.091869,53.566283
-0.079496,53.553733
-0.092411,53.552222
-0.093447,53.574156
-0.072831,53.570481
-0.092828,53.562738
-0.111798,53.557223
-0.091758,53.557345
-0.096810,53.575297
-0.140550,53.549160
-0.074067,53.565233
-0.128991,53.555254
-0.031624,53.560551
-0.080676,53.574671
-0.130731,53.575023
-0.195734,53.584714
-0.113295,53.551070
-0.063453,53.554948
-0.091133,53.553443
-0.084203,53.553781
-0.065825,53.575097
-0.078785,53.565759
-0.089288,53.557539
-0.094753,53.577701
-0.087863,53.564025
-0.233603,53.612005
-0.138338,53.581686
-0.078994,53.560476
-0.092306,53.572331
-0.080190,53.567067
-0.107560,53.557129
-0.046037,53.546286
-0.107448,53.561999
-0.092760,53.565263
-0.059985,53.572665
-0.080273,53.567230
-0.054932,53.553767
-0.109489,53.577854
-0.149053,53.564278
-0.094842,53.536079
-0.099412,53.549942
-0.077158,53.559008
-0.073613,53.559598
-0.191968,53.596847
-0.108390,53.562194
-0.029073,53.560545
-0.092974,53.552447
-0.036785,53.559305
-0.101439,53.556582
-0.056336,53.571536
-0.026259,53.526274
-0.081363,53.567184
-0.150994,53.507295
-0.038056,53.559901
-0.096551,53.574655
-0.091627,53.545818
-0.119721,53.560368
-0.034036,53.566820
-0.069092,53.568030
-0.147120,53.504511
-0.030591,53.531748
-0.072076,53.528972
-0.026854,53.552732
-0.092039,53.544054
-0.071278,53.576408
-0.107400,53.556317
-0.152335,53.586668
-0.091143,53.555564
-0.097217,53.574971
-0.082698,53.567053
-0.090156,53.536256
-0.053550,53.565773
-0.631085,53.568401
-0.621423,53.575284
-0.607790,53.670238
-0.684122,53.586282
-0.674111,53.589965
-0.648450,53.559888
-0.876120,53.571269
-0.637730,53.605476
-0.617091,53.566397
-0.369016,53.661139
-0.423655,53.681710
-0.716942,53.662307
-0.683435,53.589906
-0.409335,53.682419
-0.768482,53.578371
-0.684000,53.590200
-0.431443,53.681965
-0.653906,53.587285
-0.629778,53.584989
-0.661082,53.590629
-0.693020,53.564734
-0.728935,53.587099
-0.671531,53.527687
-0.633802,53.569826
-0.682935,53.574404
-0.528881,53.512713
-0.646783,53.557721
-0.816843,53.552468
-0.668264,53.543337
-0.355114,53.585142
-0.654168,53.590938
-0.645070,53.585819
-0.521142,53.658206
-0.415260,53.585837
-0.403651,53.681750
-0.479936,53.677098
-0.681286,53.571104
-0.661069,53.590566
-0.823898,53.528833
-0.676364,53.594745
-0.684128,53.586093
-0.668479,53.594208
-0.577830,53.529055
-0.633291,53.587079
-0.652389,53.596518
-0.642484,53.585889
-0.660821,53.578805
-0.433305,53.681980
-0.792207,53.559395
-0.683146,53.574424
-0.615473,53.526233
-0.540703,53.546136
-0.354512,53.585071
-0.728958,53.585814
-0.426823,53.583239
-0.337567,53.616883
-0.650919,53.574335
-0.442377,53.617475
-0.901210,53.501029
-0.636639,53.582568
-0.456175,53.681819
-0.444929,53.685808
-0.631989,53.568915
-0.643371,53.574708
-0.660400,53.578765
-0.659914,53.598427
-0.817684,53.546651
-0.906837,53.485071
-0.433245,53.681970
-0.447817,53.683464
-0.737655,53.588486
-0.641386,53.584330
-0.273602,53.650542
-0.582828,53.507702
-0.682785,53.574375
-0.502028,53.550171
-0.656512,53.560842
-0.588091,53.671743
-0.546979,53.547534
-0.632631,53.657122
-0.660856,53.590626
-0.612838,53.651582
-0.558773,53.543802
-0.682588,53.575847
-0.449799,53.643083
-0.640000,53.590319
-0.661458,53.592584
-0.672744,53.532798
-0.455694,53.596820
-0.659788,53.586165
-0.793825,53.749128
-0.588923,53.813435
-0.486157,53.737052
-0.847167,53.741680
-0.242157,54.051504
-0.406474,53.836651
-0.502496,53.722264
-0.310691,53.891558
-0.447833,53.775637
0.034744,53.729124
-0.339449,54.027413
-0.777739,53.932169
-0.459371,53.739021
-0.408042,53.779269
-0.472728,53.721888
-0.914928,53.705747
-0.480273,53.834535
-0.538777,53.774344
-0.454636,54.108578
-0.220003,54.087314
-0.777880,53.928377
-0.477254,53.874191
-0.435587,53.730308
-0.413787,53.781466
-0.232959,53.743160
-0.174840,54.105379
-0.443185,54.015264
-0.198257,54.083170
-0.612685,53.793910
-0.433592,53.833242
-0.896211,53.705468
-0.923213,53.707008
-0.195908,53.740433
-0.435974,53.777029
-0.697967,53.873058
-0.763695,54.000696
-0.245939,54.067254
-0.210935,54.096950
-0.367388,53.795163
-0.562774,53.738634
-0.420780,53.734267
-0.191546,54.082818
-0.951404,53.711977
-0.958181,53.714256
-0.461653,53.717648
-0.887613,53.729334
-0.432300,53.786851
-0.258626,54.069740
-0.431650,53.844956
-1.055119,53.680733
-0.216234,54.083573
-0.915389,53.859130
-0.421273,53.734058
-0.517920,53.724568
-0.472921,53.722008
-0.951416,53.707213
-0.463241,53.722297
-0.900714,53.705312
-0.142789,53.808183
-0.526284,53.725085
-0.223205,53.848118
-0.204471,54.073807
-0.613560,53.795017
-0.874945,53.700192
-0.744889,53.957905
-0.210401,54.095846
-0.103018,54.115217
-0.200539,54.095087
-0.423943,53.719818
-0.502527,53.722255
-0.457703,53.763881
-0.866657,53.734666
-0.134281,53.763446
-0.207756,54.075599
-0.454958,54.108547
-0.451301,53.720157
-0.595921,54.057692
-0.652235,53.895141
-0.209390,53.974012
-0.477563,53.843480
-0.222620,53.775791
-0.114075,53.738669
-0.431904,54.000304
-0.828742,53.847485
-0.905369,53.707502
-0.619686,53.810503
-0.874997,53.737450
-0.101524,53.829678
-0.484935,53.865380
-0.506765,53.721122
-0.462782,53.722417
-0.875945,53.726915
-0.898133,53.743795
-0.481025,53.862068
-0.640626,53.851425
-0.371420,53.801618
-0.021449,53.768262
-0.359538,53.794013
-0.217688,53.740669
-0.429766,53.841282
-0.908526,53.705500
-0.057700,53.780074
-0.908146,53.705550
-0.469580,53.761409
-0.523786,53.933711
-0.212962,54.091048
-0.195828,54.100761
-0.421748,53.781652
-0.193081,54.084423
-0.210509,54.095820
-0.447253,53.753499
-0.007331,53.726091
-0.985516,53.686536
-0.108314,53.735936
-0.202136,54.080801
-0.474591,53.876315
-0.472109,53.721845
-0.619699,53.810575
-0.443903,53.843687
-0.845795,53.927125
-0.447363,53.717625
-0.865142,53.734085
-0.666345,53.864459
-0.960469,53.688425
-0.315870,53.878193
-0.865004,53.941537
-0.517777,53.736836
-0.878454,53.724898
-0.124316,53.848096
-0.533478,53.773560
-0.431349,53.747215
-0.192676,54.083904
-0.341874,54.137927
0.029736,53.724291
-0.458858,53.726115
-0.882525,53.946051
-0.865035,53.941537
-0.555491,53.731274
-0.431913,53.842398
-0.307366,53.880833
-0.564637,53.729811
-0.427222,53.753373
-0.885523,53.713755
-0.368083,53.794867
-0.231476,54.093649
-0.865255,53.746769
-0.193309,54.084471
-0.453864,53.821694
-0.777895,53.928368
-0.188352,53.726799
-0.985331,53.685402
-0.784733,53.925247
-0.299200,53.747184
-0.307732,53.774128
-0.399224,53.737397
-0.297570,53.762739
-0.305953,53.757644
-0.364025,53.735268
-0.305051,53.757424
-0.364427,53.763571
-0.347135,53.748807
-0.355940,53.754789
-0.360091,53.765426
-0.379392,53.743693
-0.332756,53.743484
-0.296245,53.763250
-0.341955,53.748259
-0.400226,53.736943
-0.343147,53.780376
-0.309146,53.750264
-0.360608,53.784877
-0.375438,53.749491
-0.373498,53.753393
-0.344578,53.742489
-0.294316,53.769659
-0.354055,53.768472
-0.322417,53.744176
-0.381621,53.750420
-0.393287,53.744778
-0.341935,53.745670
-0.339618,53.752506
-0.353799,53.768819
-0.305954,53.758732
-0.362590,53.743311
-0.383032,53.743679
-0.325584,53.771682
-0.312406,53.747272
-0.328290,53.770417
-0.355959,53.781487
-0.339653,53.795456
-0.379556,53.743767
-0.374292,53.740288
-0.313134,53.754078
-0.379711,53.750394
-0.360259,53.733095
-0.349317,53.768191
-0.392421,53.737261
-0.368363,53.757907
-0.281483,53.748010
-0.316495,53.787610
-0.316094,53.751755
-0.288042,53.766478
-0.352514,53.746607
-0.362268,53.735612
-0.373495,53.750723
-0.332952,53.742750
-0.336551,53.785220
-0.358679,53.760023
-0.372572,53.764401
-0.359380,53.743204
-0.363246,53.735419
-0.262586,53.774498
-0.338916,53.774151
-0.314212,53.753293
-0.329545,53.770919
-0.355576,53.760223
-0.362589,53.788185
-0.343135,53.779908
-0.295111,53.754173
-0.380255,53.740971
-0.371205,53.729163
-0.331848,53.766412
-0.250629,53.745262
-0.384878,53.761187
-0.326393,53.796369
-0.293812,53.778722
-0.320590,53.744357
-0.315170,53.746412
-0.297784,53.757456
-0.374354,53.733979
-0.255680,53.778902
-0.353923,53.768353
-0.372440,53.734070
-0.356876,53.759171
-0.343979,53.741123
-0.335479,53.794661
-0.351626,53.763863
-0.403557,53.753482
-0.362252,53.786715
-0.379634,53.743714
-0.294438,53.758056
-0.316236,53.751604
-0.357344,53.778666
-0.315825,53.763770
-0.382961,53.770025
-0.374765,53.743765
-0.337888,53.756374
-0.327284,53.755633
-0.351991,53.764605
-0.318519,53.750648
-0.311659,53.754929
-0.347069,53.743143
-0.268422,53.774637
-0.306628,53.781574
-0.351241,53.763237
-0.276471,53.767840
-0.291616,53.781603
-0.316966,53.747012
-0.346713,53.748730
-0.336607,53.743879
-0.357292,53.743077
-0.268964,53.769961
-0.336291,53.760712
-0.358208,53.768583
-0.345416,53.743156
-0.384667,53.773410
-0.395642,53.750212
-0.397692,53.755732
-0.316763,53.752079
-0.329595,53.745175
-0.395749,53.750214
-0.361424,53.743268
-0.346996,53.743061
-0.383765,53.743563
-0.327066,53.753491
-0.344679,53.746077
-0.309365,53.764839
-0.400561,53.744507
-0.269256,53.772824
-0.268182,53.773114
-0.307833,53.787838
-0.310179,53.783467
-0.305750,53.757407
-0.305908,53.783245
-0.320919,53.749036
-0.348130,53.738897
-0.307854,53.767316
-0.324822,53.782432
-0.324351,53.786650
-0.326216,53.748175
-0.348055,53.752793
-0.415087,53.752997
-0.364607,53.743321
-0.321290,53.787650
-0.363862,53.773811
-0.312300,53.791146
-0.363608,53.743271
-0.370320,53.729690
-0.389192,53.732885
-0.289210,53.766872
-0.295089,53.768565
-0.296149,53.782099
-1.213504,54.698091
-1.240141,54.647637
-1.243284,54.694515
-1.299871,54.669045
-1.238037,54.707944
-1.218250,54.705446
-1.219238,54.688719
-1.235742,54.661575
-1.211714,54.668746
-1.214877,54.693669
-1.244972,54.696350
-1.223297,54.664615
-1.210879,54.682230
-1.241571,54.702332
-1.227085,54.686405
-1.242151,54.691192
-1.190557,54.664454
-1.300503,54.644882
-1.299936,54.668874
-1.220060,54.664486
-1.245124,54.706542
-1.211875,54.678830
-1.274806,54.635583
-1.211070,54.676354
-1.215555,54.688272
-1.212342,54.695576
-1.210762,54.698621
-1.011873,54.557188
-1.023663,54.560115
-1.099407,54.533399
-0.957835,54.557544
-0.958416,54.537777
-0.941325,54.567511
-1.053397,54.538899
-1.076957,54.524980
-0.922162,54.501779
-1.055775,54.535655
-1.159160,54.561618
-1.167850,54.579903
-1.134945,54.562957
-1.157901,54.577696
-1.143246,54.557947
-1.177833,54.546656
-1.147999,54.552507
-1.133504,54.586421
-1.153163,54.548769
-1.175425,54.580980
-1.117765,54.567866
-1.158460,54.561082
-1.141764,54.571112
-1.050753,54.613535
-1.084362,54.613164
-1.067309,54.610006
-1.068168,54.596774
-1.067364,54.619119
-1.078355,54.617226
-1.063543,54.593278
-1.058257,54.592986
-1.017436,54.591430
-1.050955,54.580194
-0.964772,54.582822
-1.028016,54.583840
-0.906359,54.563264
-0.901723,54.533195
-0.906239,54.563137
-1.208674,54.574596
-1.267111,54.565474
-1.233935,54.578722
-1.249308,54.565535
-1.242229,54.531952
-1.203904,54.574871
-1.224444,54.562817
-1.227910,54.575817
-1.244750,54.577037
-1.268617,54.559956
-1.230996,54.579530
-1.190146,54.561065
-1.216298,54.573109
-1.216123,54.547522
-1.220035,54.570194
-1.237292,54.572929
-1.241232,54.576512
-1.247191,54.557074
-1.250143,54.565541
-1.227352,54.576703
-1.259148,54.546588
-1.211915,54.532432
-1.193159,54.548701
-1.234952,54.578135
-1.240057,54.578167
-1.222750,54.565691
-1.245852,54.544161
-1.210847,54.540549
-1.225605,54.571722
-1.240608,54.570981
-1.246547,54.570165
-1.237054,54.578229
-1.240408,54.546778
-1.234104,54.557334
-1.202828,54.575322
-1.258899,54.546650
-1.235063,54.576330
-1.237805,54.572788
-1.204785,54.574094
-1.193230,54.546625
-1.229642,54.570139
-1.244370,54.577520
-1.243414,54.575672
-1.231532,54.553489
-1.209125,54.570483
-1.193602,54.571684
-1.200296,54.560018
-1.209768,54.566821
-1.209684,54.567144
-1.207441,54.564801
-1.193571,54.571675
-1.237777,54.530369
-1.171768,54.524776
-1.174487,54.526314
-1.193339,54.527025
-1.221257,54.515776
-1.249491,54.519325
-1.212043,54.523419
-1.278752,54.538556
-1.182395,54.521820
-1.178861,54.522398
-1.373023,54.564352
-1.311630,54.579674
-1.344726,54.586211
-1.335008,54.557724
-1.320817,54.542609
-1.320314,54.584953
-1.334504,54.586803
-1.347346,54.591753
-1.302303,54.594027
-1.349462,54.590056
-1.313047,54.566246
-1.312946,54.567630
-1.358400,54.561939
-1.422201,54.540404
-1.319541,54.584922
-1.303285,54.582736
-1.269066,54.570312
-1.320874,54.542888
-1.314768,54.561367
-1.315029,54.565161
-1.324292,54.549351
-1.330658,54.549530
-1.324563,54.573159
-1.354634,54.565352
-1.269899,54.572995
-1.287675,54.579985
-1.310885,54.558685
-1.325401,54.585198
-1.316794,54.548401
-1.395073,54.624173
-1.360559,54.614659
-1.311511,54.571145
-1.302025,54.593090
-1.315957,54.562390
-1.319465,54.584877
-1.329155,54.546943
-1.284730,54.579419
-1.314271,54.561499
-1.302348,54.634855
-1.296462,54.598873
-1.294571,54.607993
-1.271143,54.581324
-1.291222,54.606472
-1.296290,54.598980
-1.321655,54.618833
-1.298020,54.599178
-1.269446,54.582797
-1.216644,54.605851
-1.297473,54.603112
-1.243854,54.596192
-1.299900,54.615932
-1.322762,54.527837
-1.299662,54.556715
-1.298463,54.508511
-1.292428,54.540488
-1.305718,54.515122
-1.320015,54.522043
-1.293097,54.539359
-1.345672,54.531989
-1.354241,54.508983
-1.359382,54.526841
-1.355073,54.510084
-1.460715,52.436472
-1.825601,52.463014
-1.515557,52.379703
-1.806123,52.498026
-1.851138,52.471787
-1.932330,52.469029
-1.902177,52.465178
-1.987726,52.514959
-1.825976,52.479987
-1.728381,52.435097
-2.063720,52.607439
-1.475175,52.442632
-1.686515,52.443911
-1.957633,52.501567
-1.853545,52.527141
-1.793418,52.427164
-1.850261,52.474384
-2.015830,52.565347
-1.867241,52.546063
-2.027680,52.523290
-1.523409,52.424083
-1.949856,52.617829
-2.059985,52.543533
-1.883493,52.489605
-1.441991,52.413065
-1.782046,52.451803
-1.796759,52.509662
-2.097142,52.469611
-1.897375,52.454072
-1.460293,52.416845
-1.471029,52.383405
-2.148114,52.490055
-2.068769,52.606474
-2.014903,52.484690
-2.102774,52.593298
-1.486062,52.430004
-2.003483,52.566391
-1.919038,52.461110
-1.912640,52.488435
-1.835303,52.410957
-1.484139,52.430949
-1.550247,52.413966
-2.162413,52.497624
-2.001180,52.543665
-1.968187,52.472775
-1.796040,52.483698
-2.002972,52.438024
-1.880427,52.501505
-1.480365,52.414112
-2.111444,52.478885
-1.495613,52.410123
-1.971653,52.485695
-2.007888,52.614558
-2.017796,52.501770
-2.086296,52.583899
-2.052509,52.555511
-1.889879,52.509497
-1.828218,52.513065
-1.916436,52.490667
-1.531340,52.437582
-1.906320,52.489401
-1.974701,52.460775
-1.967799,52.439242
-1.488681,52.420998
-1.898562,52.481951
-1.911451,52.538022
-2.006672,52.490777
-1.572251,52.409912
-2.154806,52.470628
-1.902687,52.554548
-1.739852,52.390531
-2.001034,52.571731
-2.022985,52.563539
-1.903233,52.459920
-1.960341,52.487768
-1.921314,52.430491
-2.012462,52.547593
-1.502929,52.428943
-1.484950,52.448402
-1.856455,52.493621
-1.801285,52.518992
-2.137179,52.591321
-1.498458,52.432817
-1.921610,52.512956
-2.089644,52.532007
-1.820024,52.516936
-1.874987,52.419627
-2.105269,52.593385
-1.981326,52.455526
-1.972650,52.444709
-1.721144,52.444483
-1.875087,52.529988
-1.887795,52.587329
-1.940609,52.508589
-1.907661,52.552565
-2.191091,52.602465
-1.848714,52.440265
-2.031292,52.587207
-1.910965,52.501307
-1.858308,52.549675
-2.113623,52.478919
-1.892105,52.436644
-2.031846,52.496913
-1.847359,52.496091
-2.132049,52.574201
-1.919051,52.502221
-1.954275,52.615161
-2.132228,52.481623
-2.085737,52.569407
-1.903504,52.477379
-2.146686,52.596020
-2.097634,52.485810
-2.042707,52.608105
-1.937939,52.500425
-1.839923,52.418183
-1.945679,52.435503
-2.103911,52.555836
-1.756248,52.503131
-2.115963,52.472776
-1.830557,52.452808
-1.902177,52.465178
-1.878173,52.490688
-1.832970,52.511076
-2.027038,52.582264
-1.863479,52.475146
-1.855555,52.539262
-1.963279,52.497568
-1.918971,52.473354
-1.548988,52.411975
-1.467897,52.383597
-1.503269,52.410407
-2.161795,52.597825
-1.911029,52.491553
-1.900433,52.441956
-1.895122,52.448370
-1.910040,52.528923
-1.969027,52.492607
-1.906232,52.496332
-2.070215,52.578264
-1.819489,52.492968
-1.961352,52.410023
-1.835212,52.463207
-1.815687,52.461524
-1.878233,52.453074
-1.893029,52.437778
-1.834225,52.443878
-2.124740,52.468452
-1.896931,52.499174
-1.988175,52.598781
-1.839163,52.457459
-2.118289,52.516402
-1.976515,52.481003
-1.519372,52.405862
-1.518231,52.428350
-2.125885,52.580771
-2.087146,52.543632
-1.997380,52.474523
-2.190898,52.602223
-2.044965,52.578258
-1.990568,52.520659
-2.115695,52.566937
-2.122755,52.632717
-1.983131,52.506374
-2.002881,52.402720
-1.983016,52.460462
-2.004039,52.524534
-1.988760,52.563073
-1.928410,52.526895
-1.913112,52.495897
-1.923987,52.621285
-1.776015,52.419482
-1.932882,52.503164
-1.894099,52.488411
-1.909663,52.475010
-1.557046,52.389844
-1.899111,52.492901
-1.536387,52.423415
-1.569106,52.421867
-1.932900,52.433141
-1.548897,52.390596
-1.817723,52.453194
-1.842707,52.429047
-1.960220,52.458443
-1.901275,52.467138
-1.832864,52.488718
-2.003650,52.620608
-2.134715,52.567761
-2.153044,52.569160
-2.153909,52.592883
-2.108044,52.557181
-1.499628,52.428174
-1.941752,52.513103
-1.996630,52.460031
-2.108913,52.592330
-1.939600,52.471020
-1.915425,52.495287
-1.894564,52.472418
-2.110870,52.502088
-1.879354,52.468295
-2.006457,52.526251
-1.859243,52.464668
-1.860381,52.509538
-1.558636,52.402760
-1.975187,52.407195
-2.062905,52.482004
-1.887570,52.502186
-1.854657,52.422175
-2.066876,52.517971
-2.018672,52.448837
-1.983575,52.461181
-2.048141,52.514033
-1.826699,52.445773
-1.957822,52.473248
-1.958623,52.435104
-1.954604,52.452993
-2.045625,52.446654
-2.101482,52.558131
-2.021106,52.491683
-2.088130,52.563922
-1.723936,52.421403
-1.843041,52.475876
-1.921226,52.422391
-1.961627,52.551237
-2.138528,52.597882
-1.998232,52.524408
-1.887315,52.405642
-2.059380,52.532682
-1.963024,52.573532
-2.126252,52.451693
-2.140673,52.576196
-1.841715,52.550104
-2.126308,52.589095
-2.085814,52.563690
-2.131840,52.612552
-2.142115,52.593212
-2.122851,52.566983
-2.134541,52.578298
-2.170666,52.570790
-2.111127,52.598010
-2.124481,52.569589
-2.077110,52.563696
-2.147970,52.622242
-2.154838,52.600927
-2.131115,52.617137
-2.120649,52.624790
-2.149797,52.595000
-2.123888,52.568421
-2.142482,52.569838
-2.122753,52.584603
-2.095724,52.575908
-2.138547,52.585125
-2.116804,52.567888
-2.096065,52.596585
-2.114016,52.573555
-2.085360,52.557667
-2.097281,52.546061
-2.135498,52.601490
-2.114624,52.580297
-2.142334,52.569748
-2.124333,52.569229
-2.066266,52.611618
-2.106893,52.557110
-2.125521,52.572195
-2.084489,52.565309
-2.132360,52.589268
-2.157033,52.595620
-2.086590,52.583107
-2.127061,52.594398
-2.078649,52.599205
-2.146232,52.588173
-2.147710,52.588800
-2.140761,52.585392
-2.061322,52.561008
-2.078024,52.579877
-2.079626,52.568099
-2.120419,52.594585
-2.125359,52.567071
-2.130800,52.610485
-2.146109,52.595634
-2.125101,52.631707
-2.121369,52.564647
-2.071209,52.563700
-2.122755,52.585413
-2.107589,52.600260
-2.119357,52.584247
-2.094925,52.547501
-2.081278,52.583650
-2.065232,52.611169
-2.074903,52.566934
-2.151434,52.598594
-2.098965,52.573389
-2.106705,52.600980
-2.123313,52.573905
-2.085705,52.583647
-2.075051,52.567023
-2.088629,52.569981
-2.108416,52.576257
-2.061306,52.549951
-2.129577,52.596373
-2.161064,52.607841
-2.150298,52.611901
-2.126314,52.591162
-2.111887,52.606459
-2.182790,52.576885
-2.148882,52.629612
-2.130229,52.567605
-2.114286,52.620391
-2.123165,52.573725
-2.089010,52.612142
-2.151202,52.574322
-2.127889,52.625052
-2.111321,52.616169
-2.123293,52.619124
-2.171932,52.554966
-1.984166,52.580621
-1.956726,52.571175
-1.954775,52.603358
-1.973952,52.634108
-1.886609,52.583624
-1.944238,52.645425
-1.923302,52.616107
-1.923997,52.641099
-2.035699,52.615946
-1.976046,52.585654
-2.038635,52.595089
-1.999661,52.613704
-1.978703,52.586104
-1.984451,52.609029
-1.913482,52.652958
-2.001433,52.607501
-1.980921,52.575137
-1.918094,52.637050
-2.014424,52.595454
-1.951380,52.602098
-1.985641,52.583138
-1.939892,52.581236
-1.990067,52.587544
-2.023429,52.594374
-2.004383,52.574868
-2.013245,52.600129
-2.047186,52.585017
-2.002023,52.586735
-1.983730,52.562372
-2.031671,52.560121
-1.999218,52.606692
-1.982547,52.570282
-2.011326,52.604534
-2.004240,52.613974
-1.929902,52.644968
-1.989477,52.587903
-1.984303,52.608939
-1.972205,52.592126
-2.054268,52.583127
-1.956144,52.562454
-1.999218,52.611367
-2.058844,52.583214
-1.921124,52.595249
-2.002171,52.599231
-2.031550,52.596979
-1.999071,52.586645
-1.996415,52.573700
-1.935070,52.648387
-1.962626,52.573155
-1.978993,52.597251
-1.920581,52.650536
-1.950286,52.655496
-2.030647,52.571988
-1.983429,52.576575
-2.006008,52.587094
-1.988877,52.625480
-1.914461,52.605493
-1.961120,52.607315
-1.961697,52.622958
-1.967897,52.629702
-2.031234,52.567133
-1.900202,52.576984
-1.993901,52.615862
-1.993606,52.613794
-2.014722,52.603365
-1.982688,52.585026
-2.030673,52.608576
-1.990363,52.583678
-1.964076,52.604529
-1.989923,52.573520
-2.042757,52.583671
-1.970879,52.587810
-2.049668,52.560654
-1.991684,52.624042
-2.013834,52.595724
-1.923304,52.615118
-2.098586,52.470544
-2.124446,52.453079
-2.129975,52.481662
-2.122044,52.542172
-2.144027,52.456204
-2.132665,52.494694
-2.086700,52.489702
-2.018791,52.451076
-2.033962,52.470761
-2.057492,52.452682
-2.050878,52.460056
-2.145969,52.509152
-2.157821,52.445308
-2.071842,52.499871
-2.077826,52.551289
-2.124077,52.478701
-2.067335,52.442428
-2.091583,52.500397
-2.076020,52.445479
-2.029984,52.466446
-2.105623,52.458222
-2.082765,52.511731
-2.133734,52.507279
-2.129043,52.465301
-2.094544,52.507496
-2.074681,52.523513
-2.184387,52.500288
-2.090992,52.499768
-2.095427,52.507046
-2.168746,52.454912
-2.106831,52.470807
-2.091456,52.510376
-2.090994,52.500577
-2.066848,52.509313
-2.094410,52.513520
-2.110142,52.499662
-2.116071,52.458032
-2.094262,52.513610
-2.085423,52.438550
-2.096313,52.507944
-2.049261,52.461316
-2.080825,52.498157
-2.073339,52.513984
-2.134814,52.475183
-2.045568,52.448551
-2.107809,52.509733
-2.074075,52.513624
-2.044534,52.444506
-2.114380,52.543438
-2.092240,52.532670
-2.098991,52.519539
-2.040290,52.469320
-2.113128,52.457855
-2.134393,52.481836
-2.083380,52.525125
-2.090859,52.506870
-2.157342,52.475785
-2.128815,52.487866
-2.146611,52.480923
-2.098596,52.540666
-2.083611,52.491592
-2.024977,52.462312
-2.172044,52.508128
-2.118669,52.493540
-2.133343,52.475545
-2.079378,52.512542
-2.089455,52.540763
-2.055240,52.534221
-1.998483,52.513468
-1.933746,52.546262
-2.005263,52.525964
-1.957977,52.496649
-2.005563,52.564980
-1.999809,52.495218
-1.962260,52.483435
-2.029754,52.560841
-2.053615,52.531345
-2.029303,52.547715
-2.005256,52.475260
-2.030317,52.521465
-2.001725,52.523177
-2.025322,52.549784
-2.073966,52.536548
-2.014095,52.492071
-1.951800,52.487477
-1.992301,52.474361
-2.036809,52.530363
-2.000546,52.502140
-2.042408,52.527754
-1.988311,52.530908
-2.054339,52.520737
-2.047250,52.507165
-2.001431,52.542595
-1.984327,52.542504
-2.067609,52.524955
-1.969617,52.490450
-2.039620,52.541959
-1.959901,52.486761
-2.056919,52.464728
-1.976086,52.512566
-1.955180,52.495120
-2.000251,52.534055
-1.984484,52.513017
-1.998335,52.524256
-1.936827,52.557411
-1.969320,52.494315
-1.968260,52.535309
-1.998778,52.474451
-2.042363,52.481636
-1.964594,52.510136
-1.974768,52.497823
-2.068118,52.473263
-1.995245,52.472294
-1.973743,52.488023
-1.938300,52.558851
-1.989941,52.492880
-1.951298,52.542405
-2.074696,52.532413
-2.043094,52.475792
-2.040031,52.507887
-1.989643,52.509152
-2.038583,52.536296
-1.983589,52.544572
-1.986851,52.483800
-1.962074,52.528205
-1.976086,52.512656
-2.007023,52.476249
-2.012932,52.540796
-1.995240,52.519221
-1.978449,52.500520
-1.994209,52.518862
-1.965927,52.502046
-1.967850,52.491079
-2.009387,52.512389
-2.038599,52.554365
-2.026760,52.489102
-2.006434,52.475800
-1.959880,52.509685
-2.017215,52.560124
-1.968893,52.473728
-1.968739,52.482448
-2.017192,52.501600
-2.068714,52.477758
-1.971545,52.470582
-1.991853,52.505556
-2.002018,52.489555
-2.018807,52.488294
-1.961367,52.494133
-2.009981,52.533425
-2.067679,52.475061
-1.995091,52.534594
-2.046517,52.510492
-2.037105,52.532161
-2.012478,52.502499
-1.958870,52.486761
-1.968452,52.472829
-2.008351,52.491532
-2.068114,52.470386
-1.970939,52.496204
-1.959426,52.522720
-1.958720,52.489547
-2.018094,52.545920
-2.016309,52.503757
-2.034745,52.530453
-1.984781,52.507354
-1.975656,52.489103
-2.015860,52.483800
-1.964762,52.484515
-2.024741,52.565516
-1.757395,52.436355
-1.823654,52.419841
-1.749641,52.506821
-1.686729,52.444910
-1.787821,52.379866
-1.825675,52.391975
-1.818306,52.397358
-1.717565,52.477261
-1.762311,52.506937
-1.714535,52.444890
-1.776157,52.420390
-1.868841,52.404706
-1.762498,52.417486
-1.827213,52.412294
-1.642804,52.382214
-1.658951,52.403029
-1.740255,52.499608
-1.776172,52.504716
-1.784862,52.414473
-1.726299,52.469730
-1.779710,52.415542
-1.733372,52.444035
-1.744792,52.479121
-1.755344,52.355080
-1.726245,52.478450
-1.770701,52.423436
-1.778389,52.415180
-1.843707,52.404316
-1.782625,52.450788
-1.741391,52.406205
-1.831894,52.418325
-1.747371,52.466001
-1.842240,52.403415
-1.846805,52.400814
-1.866036,52.408659
-1.674313,52.432740
-1.785870,52.449086
-1.784578,52.442611
-1.776417,52.427223
-1.755817,52.429160
-1.768362,52.420824
-1.729229,52.471895
-1.708811,52.465104
-1.540653,52.443084
-1.561162,52.407382
-1.485638,52.429732
-1.460945,52.404360
-1.509174,52.442688
-1.503717,52.430799
-1.526315,52.408146
-1.491669,52.442435
-1.474001,52.456022
-1.440996,52.401031
-1.458835,52.444626
-1.571209,52.402204
-1.487810,52.407356
-1.535317,52.404856
-1.432244,52.395865
-1.494390,52.436063
-1.526976,52.401316
-1.534774,52.386603
-1.487955,52.420213
-1.492921,52.410255
-1.528305,52.428292
-1.535860,52.409173
-1.485638,52.429732
-1.476677,52.403981
-1.519729,52.446058
-1.461373,52.417488
-1.436437,52.401279
-1.490715,52.410336
-1.474234,52.436425
-1.480523,52.389434
-1.528617,52.412830
-1.485695,52.399616
-1.529992,52.435671
-1.516660,52.430762
-1.497687,52.430773
-1.496500,52.405865
-1.590019,52.386718
-1.503663,52.409402
-1.509176,52.442508
-1.491820,52.390922
-1.520316,52.405605
-1.527992,52.416334
-1.465547,52.388468
-1.517966,52.405415
-1.515353,52.402348
-1.509475,52.415539
-1.503717,52.430799
-1.516475,52.434268
-1.485191,52.430270
-1.520152,52.420708
-1.559873,52.404050
-1.495724,52.422314
-1.531030,52.407176
-1.489598,52.417973
-1.526956,52.416959
-1.564834,52.407755
-1.497237,52.431490
-1.473997,52.406936
-1.528832,52.392693
-1.555534,52.411586
-1.467666,52.419944
-1.516038,52.380055
-1.514955,52.411876
-1.494252,52.435343
-1.460202,52.404986
-1.484479,52.390440
-1.448611,52.391537
-1.472371,52.444598
-1.499593,52.418285
-1.465848,52.387840
-1.533793,52.437843
-1.505498,52.389901
-1.567704,52.384840
-1.491679,52.454391
-1.459900,52.405704
-1.501824,52.389885
-1.497366,52.420163
-1.498248,52.407221
-1.433808,52.434440
-1.522723,52.441305
-1.461380,52.404812
-1.526808,52.417048
-1.472776,52.435340
-1.595472,52.400941
-1.497388,52.431131
-1.448032,52.402593
-1.505261,52.411117
-1.462894,52.401223
-1.500822,52.426651
-1.483461,52.414709
-1.446274,52.402135
-1.516172,52.434986
-1.553682,52.391171
-1.555762,52.388932
-1.526808,52.417048
-1.545911,52.418112
-1.555280,52.436847
-1.499919,52.415499
-1.502555,52.390248
-1.467137,52.414997
-1.443640,52.412911
-1.463453,52.415699
-1.522889,52.439598
-1.491847,52.426972
-1.528455,52.428023
-1.498882,52.429160
-1.531826,52.443050
-1.524742,52.417759
-1.507643,52.421645
-1.512057,52.434699
-1.484588,52.406264
-1.498886,52.415765
-1.790118,52.515170
-1.841046,52.531251
-1.798672,52.513567
-1.836976,52.515783
-1.862085,52.544313
-1.838413,52.525764
-1.831271,52.504718
-1.855884,52.546643
-1.881998,52.541997
-1.847132,52.518943
-1.805266,52.521938
-1.868190,52.524632
-1.837821,52.526213
-1.836939,52.525672
-1.778221,52.536724
-1.788180,52.519841
-1.879352,52.539028
-1.852312,52.512387
-1.851321,52.544210
-1.825453,52.560177
-1.852896,52.602556
-1.853007,52.524974
